filename,filepath,song_label,participant_id,split
S100_hum_2_Married.wav,data/MLEndHWII_sample_800/S100_hum_2_Married.wav,Married,S100,train
S100_whistle_2_Friend.wav,data/MLEndHWII_sample_800/S100_whistle_2_Friend.wav,Friend,S100,val
S100_whistle_2_Happy.wav,data/MLEndHWII_sample_800/S100_whistle_2_Happy.wav,Happy,S100,test
S100_whistle_2_RememberMe.wav,data/MLEndHWII_sample_800/S100_whistle_2_RememberMe.wav,RememberMe,S100,val
S101_hum_1_Married.wav,data/MLEndHWII_sample_800/S101_hum_1_Married.wav,Married,S101,train
S101_hum_1_TryEverything.wav,data/MLEndHWII_sample_800/S101_hum_1_TryEverything.wav,TryEverything,S101,val
S101_hum_2_Friend.wav,data/MLEndHWII_sample_800/S101_hum_2_Friend.wav,Friend,S101,train
S101_hum_2_NewYork.wav,data/MLEndHWII_sample_800/S101_hum_2_NewYork.wav,NewYork,S101,train
S102_hum_2_Feeling.wav,data/MLEndHWII_sample_800/S102_hum_2_Feeling.wav,Feeling,S102,train
S102_hum_3_Happy.wav,data/MLEndHWII_sample_800/S102_hum_3_Happy.wav,Happy,S102,test
S102_hum_4_Necessities.wav,data/MLEndHWII_sample_800/S102_hum_4_Necessities.wav,Necessities,S102,val
S102_hum_4_RememberMe.wav,data/MLEndHWII_sample_800/S102_hum_4_RememberMe.wav,RememberMe,S102,train
S103_hum_1_Necessities.wav,data/MLEndHWII_sample_800/S103_hum_1_Necessities.wav,Necessities,S103,train
S103_hum_3_RememberMe.wav,data/MLEndHWII_sample_800/S103_hum_3_RememberMe.wav,RememberMe,S103,test
S103_hum_4_Friend.wav,data/MLEndHWII_sample_800/S103_hum_4_Friend.wav,Friend,S103,test
S103_hum_4_Happy.wav,data/MLEndHWII_sample_800/S103_hum_4_Happy.wav,Happy,S103,test
S104_hum_1_Feeling.wav,data/MLEndHWII_sample_800/S104_hum_1_Feeling.wav,Feeling,S104,test
S104_hum_2_NewYork.wav,data/MLEndHWII_sample_800/S104_hum_2_NewYork.wav,NewYork,S104,val
S104_whistle_1_Married.wav,data/MLEndHWII_sample_800/S104_whistle_1_Married.wav,Married,S104,train
S104_whistle_2_Necessities.wav,data/MLEndHWII_sample_800/S104_whistle_2_Necessities.wav,Necessities,S104,train
S105_hum_2_Feeling.wav,data/MLEndHWII_sample_800/S105_hum_2_Feeling.wav,Feeling,S105,val
S105_whistle_2_Married.wav,data/MLEndHWII_sample_800/S105_whistle_2_Married.wav,Married,S105,test
S105_whistle_2_Necessities.wav,data/MLEndHWII_sample_800/S105_whistle_2_Necessities.wav,Necessities,S105,train
S105_whistle_2_RememberMe.wav,data/MLEndHWII_sample_800/S105_whistle_2_RememberMe.wav,RememberMe,S105,test
S106_hum_2_Married.wav,data/MLEndHWII_sample_800/S106_hum_2_Married.wav,Married,S106,train
S106_hum_2_RememberMe.wav,data/MLEndHWII_sample_800/S106_hum_2_RememberMe.wav,RememberMe,S106,train
S106_whistle_1_TryEverything.wav,data/MLEndHWII_sample_800/S106_whistle_1_TryEverything.wav,TryEverything,S106,train
S106_whistle_2_Friend.wav,data/MLEndHWII_sample_800/S106_whistle_2_Friend.wav,Friend,S106,train
S106_whistle_2_Necessities.wav,data/MLEndHWII_sample_800/S106_whistle_2_Necessities.wav,Necessities,S106,test
S107_hum_2_Happy.wav,data/MLEndHWII_sample_800/S107_hum_2_Happy.wav,Happy,S107,train
S107_whistle_1_NewYork.wav,data/MLEndHWII_sample_800/S107_whistle_1_NewYork.wav,NewYork,S107,train
S107_whistle_1_TryEverything.wav,data/MLEndHWII_sample_800/S107_whistle_1_TryEverything.wav,TryEverything,S107,test
S107_whistle_2_Friend.wav,data/MLEndHWII_sample_800/S107_whistle_2_Friend.wav,Friend,S107,test
S108_whistle_1_Feeling.wav,data/MLEndHWII_sample_800/S108_whistle_1_Feeling.wav,Feeling,S108,train
S108_whistle_1_NewYork.wav,data/MLEndHWII_sample_800/S108_whistle_1_NewYork.wav,NewYork,S108,train
S108_whistle_1_RememberMe.wav,data/MLEndHWII_sample_800/S108_whistle_1_RememberMe.wav,RememberMe,S108,train
S108_whistle_2_Happy.wav,data/MLEndHWII_sample_800/S108_whistle_2_Happy.wav,Happy,S108,train
S109_hum_1_Married.wav,data/MLEndHWII_sample_800/S109_hum_1_Married.wav,Married,S109,test
S109_hum_1_Necessities.wav,data/MLEndHWII_sample_800/S109_hum_1_Necessities.wav,Necessities,S109,val
S109_hum_1_TryEverything.wav,data/MLEndHWII_sample_800/S109_hum_1_TryEverything.wav,TryEverything,S109,train
S109_hum_2_Feeling.wav,data/MLEndHWII_sample_800/S109_hum_2_Feeling.wav,Feeling,S109,train
S109_hum_2_RememberMe.wav,data/MLEndHWII_sample_800/S109_hum_2_RememberMe.wav,RememberMe,S109,train
S10_whistle_1_Feeling.wav,data/MLEndHWII_sample_800/S10_whistle_1_Feeling.wav,Feeling,S10,train
S10_whistle_1_NewYork.wav,data/MLEndHWII_sample_800/S10_whistle_1_NewYork.wav,NewYork,S10,train
S10_whistle_1_RememberMe.wav,data/MLEndHWII_sample_800/S10_whistle_1_RememberMe.wav,RememberMe,S10,train
S10_whistle_1_TryEverything.wav,data/MLEndHWII_sample_800/S10_whistle_1_TryEverything.wav,TryEverything,S10,test
S10_whistle_2_Friend.wav,data/MLEndHWII_sample_800/S10_whistle_2_Friend.wav,Friend,S10,train
S110_hum_1_Necessities.wav,data/MLEndHWII_sample_800/S110_hum_1_Necessities.wav,Necessities,S110,train
S110_whistle_1_Happy.wav,data/MLEndHWII_sample_800/S110_whistle_1_Happy.wav,Happy,S110,train
S110_whistle_2_Friend.wav,data/MLEndHWII_sample_800/S110_whistle_2_Friend.wav,Friend,S110,val
S110_whistle_2_RememberMe.wav,data/MLEndHWII_sample_800/S110_whistle_2_RememberMe.wav,RememberMe,S110,train
S111_hum_1_RememberMe.wav,data/MLEndHWII_sample_800/S111_hum_1_RememberMe.wav,RememberMe,S111,train
S111_hum_2_Happy.wav,data/MLEndHWII_sample_800/S111_hum_2_Happy.wav,Happy,S111,train
S111_whistle_2_Friend.wav,data/MLEndHWII_sample_800/S111_whistle_2_Friend.wav,Friend,S111,val
S111_whistle_2_Married.wav,data/MLEndHWII_sample_800/S111_whistle_2_Married.wav,Married,S111,train
S111_whistle_2_TryEverything.wav,data/MLEndHWII_sample_800/S111_whistle_2_TryEverything.wav,TryEverything,S111,test
S112_hum_2_Feeling.wav,data/MLEndHWII_sample_800/S112_hum_2_Feeling.wav,Feeling,S112,train
S112_whistle_2_Happy.wav,data/MLEndHWII_sample_800/S112_whistle_2_Happy.wav,Happy,S112,train
S112_whistle_2_Necessities.wav,data/MLEndHWII_sample_800/S112_whistle_2_Necessities.wav,Necessities,S112,test
S112_whistle_2_RememberMe.wav,data/MLEndHWII_sample_800/S112_whistle_2_RememberMe.wav,RememberMe,S112,train
S113_hum_1_Happy.wav,data/MLEndHWII_sample_800/S113_hum_1_Happy.wav,Happy,S113,train
S113_hum_2_Friend.wav,data/MLEndHWII_sample_800/S113_hum_2_Friend.wav,Friend,S113,val
S113_whistle_1_Married.wav,data/MLEndHWII_sample_800/S113_whistle_1_Married.wav,Married,S113,val
S113_whistle_2_TryEverything.wav,data/MLEndHWII_sample_800/S113_whistle_2_TryEverything.wav,TryEverything,S113,train
S114_whistle_1_Feeling.wav,data/MLEndHWII_sample_800/S114_whistle_1_Feeling.wav,Feeling,S114,train
S114_whistle_1_Friend.wav,data/MLEndHWII_sample_800/S114_whistle_1_Friend.wav,Friend,S114,train
S114_whistle_1_NewYork.wav,data/MLEndHWII_sample_800/S114_whistle_1_NewYork.wav,NewYork,S114,train
S114_whistle_2_Necessities.wav,data/MLEndHWII_sample_800/S114_whistle_2_Necessities.wav,Necessities,S114,test
S114_whistle_2_TryEverything.wav,data/MLEndHWII_sample_800/S114_whistle_2_TryEverything.wav,TryEverything,S114,train
S115_hum_2_Happy.wav,data/MLEndHWII_sample_800/S115_hum_2_Happy.wav,Happy,S115,train
S115_whistle_1_Necessities.wav,data/MLEndHWII_sample_800/S115_whistle_1_Necessities.wav,Necessities,S115,train
S115_whistle_1_RememberMe.wav,data/MLEndHWII_sample_800/S115_whistle_1_RememberMe.wav,RememberMe,S115,train
S115_whistle_1_TryEverything.wav,data/MLEndHWII_sample_800/S115_whistle_1_TryEverything.wav,TryEverything,S115,train
S115_whistle_2_Feeling.wav,data/MLEndHWII_sample_800/S115_whistle_2_Feeling.wav,Feeling,S115,train
S116_hum_2_Friend.wav,data/MLEndHWII_sample_800/S116_hum_2_Friend.wav,Friend,S116,train
S116_hum_2_Married.wav,data/MLEndHWII_sample_800/S116_hum_2_Married.wav,Married,S116,train
S116_whistle_1_RememberMe.wav,data/MLEndHWII_sample_800/S116_whistle_1_RememberMe.wav,RememberMe,S116,val
S116_whistle_2_Necessities.wav,data/MLEndHWII_sample_800/S116_whistle_2_Necessities.wav,Necessities,S116,train
S117_hum_1_Friend.wav,data/MLEndHWII_sample_800/S117_hum_1_Friend.wav,Friend,S117,test
S117_hum_2_NewYork.wav,data/MLEndHWII_sample_800/S117_hum_2_NewYork.wav,NewYork,S117,test
S117_whistle_1_Necessities.wav,data/MLEndHWII_sample_800/S117_whistle_1_Necessities.wav,Necessities,S117,test
S117_whistle_2_Happy.wav,data/MLEndHWII_sample_800/S117_whistle_2_Happy.wav,Happy,S117,test
S118_hum_2_RememberMe.wav,data/MLEndHWII_sample_800/S118_hum_2_RememberMe.wav,RememberMe,S118,train
S118_whistle_1_Necessities.wav,data/MLEndHWII_sample_800/S118_whistle_1_Necessities.wav,Necessities,S118,test
S118_whistle_2_Friend.wav,data/MLEndHWII_sample_800/S118_whistle_2_Friend.wav,Friend,S118,train
S118_whistle_2_Happy.wav,data/MLEndHWII_sample_800/S118_whistle_2_Happy.wav,Happy,S118,train
S118_whistle_2_TryEverything.wav,data/MLEndHWII_sample_800/S118_whistle_2_TryEverything.wav,TryEverything,S118,train
S119_hum_1_Feeling.wav,data/MLEndHWII_sample_800/S119_hum_1_Feeling.wav,Feeling,S119,train
S119_whistle_1_Happy.wav,data/MLEndHWII_sample_800/S119_whistle_1_Happy.wav,Happy,S119,train
S119_whistle_2_Necessities.wav,data/MLEndHWII_sample_800/S119_whistle_2_Necessities.wav,Necessities,S119,train
S119_whistle_2_NewYork.wav,data/MLEndHWII_sample_800/S119_whistle_2_NewYork.wav,NewYork,S119,val
S119_whistle_2_TryEverything.wav,data/MLEndHWII_sample_800/S119_whistle_2_TryEverything.wav,TryEverything,S119,val
S11_hum_2_Friend.wav,data/MLEndHWII_sample_800/S11_hum_2_Friend.wav,Friend,S11,test
S11_hum_2_NewYork.wav,data/MLEndHWII_sample_800/S11_hum_2_NewYork.wav,NewYork,S11,train
S11_whistle_1_Married.wav,data/MLEndHWII_sample_800/S11_whistle_1_Married.wav,Married,S11,train
S11_whistle_2_Necessities.wav,data/MLEndHWII_sample_800/S11_whistle_2_Necessities.wav,Necessities,S11,train
S120_hum_1_Happy.wav,data/MLEndHWII_sample_800/S120_hum_1_Happy.wav,Happy,S120,train
S120_hum_1_TryEverything.wav,data/MLEndHWII_sample_800/S120_hum_1_TryEverything.wav,TryEverything,S120,train
S120_hum_2_Friend.wav,data/MLEndHWII_sample_800/S120_hum_2_Friend.wav,Friend,S120,test
S120_hum_4_Necessities.wav,data/MLEndHWII_sample_800/S120_hum_4_Necessities.wav,Necessities,S120,val
S121_hum_1_Necessities.wav,data/MLEndHWII_sample_800/S121_hum_1_Necessities.wav,Necessities,S121,test
S121_whistle_1_Feeling.wav,data/MLEndHWII_sample_800/S121_whistle_1_Feeling.wav,Feeling,S121,train
S121_whistle_1_Happy.wav,data/MLEndHWII_sample_800/S121_whistle_1_Happy.wav,Happy,S121,train
S121_whistle_1_NewYork.wav,data/MLEndHWII_sample_800/S121_whistle_1_NewYork.wav,NewYork,S121,val
S122_whistle_1_Feeling.wav,data/MLEndHWII_sample_800/S122_whistle_1_Feeling.wav,Feeling,S122,train
S122_whistle_1_Happy.wav,data/MLEndHWII_sample_800/S122_whistle_1_Happy.wav,Happy,S122,test
S122_whistle_1_RememberMe.wav,data/MLEndHWII_sample_800/S122_whistle_1_RememberMe.wav,RememberMe,S122,train
S122_whistle_2_NewYork.wav,data/MLEndHWII_sample_800/S122_whistle_2_NewYork.wav,NewYork,S122,train
S123_whistle_1_Friend.wav,data/MLEndHWII_sample_800/S123_whistle_1_Friend.wav,Friend,S123,train
S123_whistle_1_RememberMe.wav,data/MLEndHWII_sample_800/S123_whistle_1_RememberMe.wav,RememberMe,S123,train
S123_whistle_2_Feeling.wav,data/MLEndHWII_sample_800/S123_whistle_2_Feeling.wav,Feeling,S123,train
S123_whistle_2_Married.wav,data/MLEndHWII_sample_800/S123_whistle_2_Married.wav,Married,S123,train
S124_hum_1_Necessities.wav,data/MLEndHWII_sample_800/S124_hum_1_Necessities.wav,Necessities,S124,train
S124_whistle_1_Feeling.wav,data/MLEndHWII_sample_800/S124_whistle_1_Feeling.wav,Feeling,S124,train
S124_whistle_1_NewYork.wav,data/MLEndHWII_sample_800/S124_whistle_1_NewYork.wav,NewYork,S124,test
S124_whistle_2_Happy.wav,data/MLEndHWII_sample_800/S124_whistle_2_Happy.wav,Happy,S124,val
S125_hum_1_Feeling.wav,data/MLEndHWII_sample_800/S125_hum_1_Feeling.wav,Feeling,S125,test
S125_hum_1_RememberMe.wav,data/MLEndHWII_sample_800/S125_hum_1_RememberMe.wav,RememberMe,S125,val
S125_hum_3_Friend.wav,data/MLEndHWII_sample_800/S125_hum_3_Friend.wav,Friend,S125,train
S125_hum_4_NewYork.wav,data/MLEndHWII_sample_800/S125_hum_4_NewYork.wav,NewYork,S125,train
S126_hum_2_Happy.wav,data/MLEndHWII_sample_800/S126_hum_2_Happy.wav,Happy,S126,train
S126_hum_3_NewYork.wav,data/MLEndHWII_sample_800/S126_hum_3_NewYork.wav,NewYork,S126,train
S126_hum_3_TryEverything.wav,data/MLEndHWII_sample_800/S126_hum_3_TryEverything.wav,TryEverything,S126,train
S126_hum_4_Feeling.wav,data/MLEndHWII_sample_800/S126_hum_4_Feeling.wav,Feeling,S126,train
S127_whistle_1_Friend.wav,data/MLEndHWII_sample_800/S127_whistle_1_Friend.wav,Friend,S127,train
S127_whistle_1_Necessities.wav,data/MLEndHWII_sample_800/S127_whistle_1_Necessities.wav,Necessities,S127,test
S127_whistle_1_RememberMe.wav,data/MLEndHWII_sample_800/S127_whistle_1_RememberMe.wav,RememberMe,S127,train
S127_whistle_1_TryEverything.wav,data/MLEndHWII_sample_800/S127_whistle_1_TryEverything.wav,TryEverything,S127,train
S127_whistle_2_Feeling.wav,data/MLEndHWII_sample_800/S127_whistle_2_Feeling.wav,Feeling,S127,train
S128_hum_1_Feeling.wav,data/MLEndHWII_sample_800/S128_hum_1_Feeling.wav,Feeling,S128,train
S128_hum_1_Married.wav,data/MLEndHWII_sample_800/S128_hum_1_Married.wav,Married,S128,train
S128_hum_2_Necessities.wav,data/MLEndHWII_sample_800/S128_hum_2_Necessities.wav,Necessities,S128,train
S128_hum_2_RememberMe.wav,data/MLEndHWII_sample_800/S128_hum_2_RememberMe.wav,RememberMe,S128,test
S129_hum_1_Happy.wav,data/MLEndHWII_sample_800/S129_hum_1_Happy.wav,Happy,S129,val
S129_hum_3_Necessities.wav,data/MLEndHWII_sample_800/S129_hum_3_Necessities.wav,Necessities,S129,train
S129_hum_4_Friend.wav,data/MLEndHWII_sample_800/S129_hum_4_Friend.wav,Friend,S129,train
S129_hum_4_TryEverything.wav,data/MLEndHWII_sample_800/S129_hum_4_TryEverything.wav,TryEverything,S129,train
S12_hum_1_Happy.wav,data/MLEndHWII_sample_800/S12_hum_1_Happy.wav,Happy,S12,test
S12_hum_2_Married.wav,data/MLEndHWII_sample_800/S12_hum_2_Married.wav,Married,S12,train
S12_hum_2_TryEverything.wav,data/MLEndHWII_sample_800/S12_hum_2_TryEverything.wav,TryEverything,S12,train
S12_hum_3_Friend.wav,data/MLEndHWII_sample_800/S12_hum_3_Friend.wav,Friend,S12,train
S12_hum_3_RememberMe.wav,data/MLEndHWII_sample_800/S12_hum_3_RememberMe.wav,RememberMe,S12,test
S130_whistle_1_Married.wav,data/MLEndHWII_sample_800/S130_whistle_1_Married.wav,Married,S130,train
S130_whistle_1_Necessities.wav,data/MLEndHWII_sample_800/S130_whistle_1_Necessities.wav,Necessities,S130,train
S130_whistle_2_Feeling.wav,data/MLEndHWII_sample_800/S130_whistle_2_Feeling.wav,Feeling,S130,train
S130_whistle_2_RememberMe.wav,data/MLEndHWII_sample_800/S130_whistle_2_RememberMe.wav,RememberMe,S130,train
S131_whistle_2_Friend.wav,data/MLEndHWII_sample_800/S131_whistle_2_Friend.wav,Friend,S131,train
S131_whistle_2_Happy.wav,data/MLEndHWII_sample_800/S131_whistle_2_Happy.wav,Happy,S131,train
S131_whistle_2_Married.wav,data/MLEndHWII_sample_800/S131_whistle_2_Married.wav,Married,S131,train
S131_whistle_2_TryEverything.wav,data/MLEndHWII_sample_800/S131_whistle_2_TryEverything.wav,TryEverything,S131,test
S132_hum_2_RememberMe.wav,data/MLEndHWII_sample_800/S132_hum_2_RememberMe.wav,RememberMe,S132,train
S132_hum_2_TryEverything.wav,data/MLEndHWII_sample_800/S132_hum_2_TryEverything.wav,TryEverything,S132,test
S132_whistle_2_Feeling.wav,data/MLEndHWII_sample_800/S132_whistle_2_Feeling.wav,Feeling,S132,train
S132_whistle_2_Married.wav,data/MLEndHWII_sample_800/S132_whistle_2_Married.wav,Married,S132,train
S132_whistle_2_Necessities.wav,data/MLEndHWII_sample_800/S132_whistle_2_Necessities.wav,Necessities,S132,val
S133_whistle_1_Happy.wav,data/MLEndHWII_sample_800/S133_whistle_1_Happy.wav,Happy,S133,train
S133_whistle_1_NewYork.wav,data/MLEndHWII_sample_800/S133_whistle_1_NewYork.wav,NewYork,S133,train
S133_whistle_2_Friend.wav,data/MLEndHWII_sample_800/S133_whistle_2_Friend.wav,Friend,S133,train
S133_whistle_2_RememberMe.wav,data/MLEndHWII_sample_800/S133_whistle_2_RememberMe.wav,RememberMe,S133,train
S134_whistle_1_NewYork.wav,data/MLEndHWII_sample_800/S134_whistle_1_NewYork.wav,NewYork,S134,train
S134_whistle_1_RememberMe.wav,data/MLEndHWII_sample_800/S134_whistle_1_RememberMe.wav,RememberMe,S134,train
S134_whistle_2_Feeling.wav,data/MLEndHWII_sample_800/S134_whistle_2_Feeling.wav,Feeling,S134,test
S134_whistle_2_Happy.wav,data/MLEndHWII_sample_800/S134_whistle_2_Happy.wav,Happy,S134,train
S135_whistle_1_Friend.wav,data/MLEndHWII_sample_800/S135_whistle_1_Friend.wav,Friend,S135,test
S135_whistle_1_Necessities.wav,data/MLEndHWII_sample_800/S135_whistle_1_Necessities.wav,Necessities,S135,train
S135_whistle_2_Married.wav,data/MLEndHWII_sample_800/S135_whistle_2_Married.wav,Married,S135,test
S135_whistle_2_TryEverything.wav,data/MLEndHWII_sample_800/S135_whistle_2_TryEverything.wav,TryEverything,S135,train
S136_hum_1_RememberMe.wav,data/MLEndHWII_sample_800/S136_hum_1_RememberMe.wav,RememberMe,S136,val
S136_hum_2_Married.wav,data/MLEndHWII_sample_800/S136_hum_2_Married.wav,Married,S136,train
S136_whistle_1_Necessities.wav,data/MLEndHWII_sample_800/S136_whistle_1_Necessities.wav,Necessities,S136,train
S136_whistle_2_Friend.wav,data/MLEndHWII_sample_800/S136_whistle_2_Friend.wav,Friend,S136,train
S137_hum_1_Friend.wav,data/MLEndHWII_sample_800/S137_hum_1_Friend.wav,Friend,S137,train
S137_hum_2_Happy.wav,data/MLEndHWII_sample_800/S137_hum_2_Happy.wav,Happy,S137,val
S137_hum_4_Married.wav,data/MLEndHWII_sample_800/S137_hum_4_Married.wav,Married,S137,test
S137_hum_4_TryEverything.wav,data/MLEndHWII_sample_800/S137_hum_4_TryEverything.wav,TryEverything,S137,train
S138_hum_2_Feeling.wav,data/MLEndHWII_sample_800/S138_hum_2_Feeling.wav,Feeling,S138,test
S138_hum_2_Necessities.wav,data/MLEndHWII_sample_800/S138_hum_2_Necessities.wav,Necessities,S138,train
S138_hum_2_NewYork.wav,data/MLEndHWII_sample_800/S138_hum_2_NewYork.wav,NewYork,S138,train
S138_hum_4_Married.wav,data/MLEndHWII_sample_800/S138_hum_4_Married.wav,Married,S138,train
S139_whistle_1_Married.wav,data/MLEndHWII_sample_800/S139_whistle_1_Married.wav,Married,S139,test
S139_whistle_1_NewYork.wav,data/MLEndHWII_sample_800/S139_whistle_1_NewYork.wav,NewYork,S139,train
S139_whistle_2_Feeling.wav,data/MLEndHWII_sample_800/S139_whistle_2_Feeling.wav,Feeling,S139,train
S139_whistle_2_Necessities.wav,data/MLEndHWII_sample_800/S139_whistle_2_Necessities.wav,Necessities,S139,train
S13_hum_1_Necessities.wav,data/MLEndHWII_sample_800/S13_hum_1_Necessities.wav,Necessities,S13,train
S13_hum_4_Feeling.wav,data/MLEndHWII_sample_800/S13_hum_4_Feeling.wav,Feeling,S13,val
S13_hum_4_Happy.wav,data/MLEndHWII_sample_800/S13_hum_4_Happy.wav,Happy,S13,train
S13_hum_4_NewYork.wav,data/MLEndHWII_sample_800/S13_hum_4_NewYork.wav,NewYork,S13,train
S140_hum_1_Happy.wav,data/MLEndHWII_sample_800/S140_hum_1_Happy.wav,Happy,S140,train
S140_hum_1_Necessities.wav,data/MLEndHWII_sample_800/S140_hum_1_Necessities.wav,Necessities,S140,train
S141_whistle_1_NewYork.wav,data/MLEndHWII_sample_800/S141_whistle_1_NewYork.wav,NewYork,S141,train
S141_whistle_2_Feeling.wav,data/MLEndHWII_sample_800/S141_whistle_2_Feeling.wav,Feeling,S141,train
S141_whistle_2_Happy.wav,data/MLEndHWII_sample_800/S141_whistle_2_Happy.wav,Happy,S141,train
S141_whistle_2_RememberMe.wav,data/MLEndHWII_sample_800/S141_whistle_2_RememberMe.wav,RememberMe,S141,train
S142_hum_1_Necessities.wav,data/MLEndHWII_sample_800/S142_hum_1_Necessities.wav,Necessities,S142,test
S142_hum_1_TryEverything.wav,data/MLEndHWII_sample_800/S142_hum_1_TryEverything.wav,TryEverything,S142,test
S142_whistle_2_Feeling.wav,data/MLEndHWII_sample_800/S142_whistle_2_Feeling.wav,Feeling,S142,train
S142_whistle_2_Happy.wav,data/MLEndHWII_sample_800/S142_whistle_2_Happy.wav,Happy,S142,train
S143_hum_1_Friend.wav,data/MLEndHWII_sample_800/S143_hum_1_Friend.wav,Friend,S143,train
S143_hum_1_RememberMe.wav,data/MLEndHWII_sample_800/S143_hum_1_RememberMe.wav,RememberMe,S143,train
S143_hum_2_Feeling.wav,data/MLEndHWII_sample_800/S143_hum_2_Feeling.wav,Feeling,S143,train
S143_hum_2_Married.wav,data/MLEndHWII_sample_800/S143_hum_2_Married.wav,Married,S143,test
S144_hum_2_NewYork.wav,data/MLEndHWII_sample_800/S144_hum_2_NewYork.wav,NewYork,S144,test
S144_whistle_1_Feeling.wav,data/MLEndHWII_sample_800/S144_whistle_1_Feeling.wav,Feeling,S144,train
S144_whistle_1_Happy.wav,data/MLEndHWII_sample_800/S144_whistle_1_Happy.wav,Happy,S144,train
S144_whistle_1_TryEverything.wav,data/MLEndHWII_sample_800/S144_whistle_1_TryEverything.wav,TryEverything,S144,train
S145_whistle_1_Friend.wav,data/MLEndHWII_sample_800/S145_whistle_1_Friend.wav,Friend,S145,val
S145_whistle_1_Married.wav,data/MLEndHWII_sample_800/S145_whistle_1_Married.wav,Married,S145,train
S145_whistle_1_NewYork.wav,data/MLEndHWII_sample_800/S145_whistle_1_NewYork.wav,NewYork,S145,train
S145_whistle_2_Necessities.wav,data/MLEndHWII_sample_800/S145_whistle_2_Necessities.wav,Necessities,S145,train
S146_hum_1_Feeling.wav,data/MLEndHWII_sample_800/S146_hum_1_Feeling.wav,Feeling,S146,train
S146_hum_1_Friend.wav,data/MLEndHWII_sample_800/S146_hum_1_Friend.wav,Friend,S146,val
S146_hum_1_TryEverything.wav,data/MLEndHWII_sample_800/S146_hum_1_TryEverything.wav,TryEverything,S146,val
S146_whistle_1_RememberMe.wav,data/MLEndHWII_sample_800/S146_whistle_1_RememberMe.wav,RememberMe,S146,train
S146_whistle_2_Married.wav,data/MLEndHWII_sample_800/S146_whistle_2_Married.wav,Married,S146,test
S147_hum_2_Friend.wav,data/MLEndHWII_sample_800/S147_hum_2_Friend.wav,Friend,S147,train
S147_whistle_1_Happy.wav,data/MLEndHWII_sample_800/S147_whistle_1_Happy.wav,Happy,S147,train
S147_whistle_2_Necessities.wav,data/MLEndHWII_sample_800/S147_whistle_2_Necessities.wav,Necessities,S147,train
S147_whistle_2_NewYork.wav,data/MLEndHWII_sample_800/S147_whistle_2_NewYork.wav,NewYork,S147,test
S148_hum_2_Married.wav,data/MLEndHWII_sample_800/S148_hum_2_Married.wav,Married,S148,train
S148_whistle_1_Feeling.wav,data/MLEndHWII_sample_800/S148_whistle_1_Feeling.wav,Feeling,S148,test
S148_whistle_1_TryEverything.wav,data/MLEndHWII_sample_800/S148_whistle_1_TryEverything.wav,TryEverything,S148,train
S148_whistle_2_Happy.wav,data/MLEndHWII_sample_800/S148_whistle_2_Happy.wav,Happy,S148,train
S149_hum_1_Feeling.wav,data/MLEndHWII_sample_800/S149_hum_1_Feeling.wav,Feeling,S149,train
S149_whistle_1_Married.wav,data/MLEndHWII_sample_800/S149_whistle_1_Married.wav,Married,S149,train
S149_whistle_1_Necessities.wav,data/MLEndHWII_sample_800/S149_whistle_1_Necessities.wav,Necessities,S149,train
S149_whistle_2_TryEverything.wav,data/MLEndHWII_sample_800/S149_whistle_2_TryEverything.wav,TryEverything,S149,train
S14_hum_1_Married.wav,data/MLEndHWII_sample_800/S14_hum_1_Married.wav,Married,S14,val
S14_whistle_1_Necessities.wav,data/MLEndHWII_sample_800/S14_whistle_1_Necessities.wav,Necessities,S14,val
S14_whistle_1_TryEverything.wav,data/MLEndHWII_sample_800/S14_whistle_1_TryEverything.wav,TryEverything,S14,test
S14_whistle_2_Friend.wav,data/MLEndHWII_sample_800/S14_whistle_2_Friend.wav,Friend,S14,train
S150_hum_1_Married.wav,data/MLEndHWII_sample_800/S150_hum_1_Married.wav,Married,S150,val
S150_whistle_1_Feeling.wav,data/MLEndHWII_sample_800/S150_whistle_1_Feeling.wav,Feeling,S150,train
S150_whistle_1_RememberMe.wav,data/MLEndHWII_sample_800/S150_whistle_1_RememberMe.wav,RememberMe,S150,train
S150_whistle_1_TryEverything.wav,data/MLEndHWII_sample_800/S150_whistle_1_TryEverything.wav,TryEverything,S150,val
S150_whistle_2_NewYork.wav,data/MLEndHWII_sample_800/S150_whistle_2_NewYork.wav,NewYork,S150,test
S151_hum_1_Happy.wav,data/MLEndHWII_sample_800/S151_hum_1_Happy.wav,Happy,S151,test
S151_hum_2_TryEverything.wav,data/MLEndHWII_sample_800/S151_hum_2_TryEverything.wav,TryEverything,S151,train
S151_hum_3_Necessities.wav,data/MLEndHWII_sample_800/S151_hum_3_Necessities.wav,Necessities,S151,train
S151_hum_4_Friend.wav,data/MLEndHWII_sample_800/S151_hum_4_Friend.wav,Friend,S151,train
S152_hum_1_Married.wav,data/MLEndHWII_sample_800/S152_hum_1_Married.wav,Married,S152,train
S152_hum_3_RememberMe.wav,data/MLEndHWII_sample_800/S152_hum_3_RememberMe.wav,RememberMe,S152,train
S152_hum_4_Friend.wav,data/MLEndHWII_sample_800/S152_hum_4_Friend.wav,Friend,S152,train
S152_hum_4_Necessities.wav,data/MLEndHWII_sample_800/S152_hum_4_Necessities.wav,Necessities,S152,train
S153_hum_1_RememberMe.wav,data/MLEndHWII_sample_800/S153_hum_1_RememberMe.wav,RememberMe,S153,val
S153_hum_2_NewYork.wav,data/MLEndHWII_sample_800/S153_hum_2_NewYork.wav,NewYork,S153,train
S153_hum_3_TryEverything.wav,data/MLEndHWII_sample_800/S153_hum_3_TryEverything.wav,TryEverything,S153,train
S153_hum_4_Feeling.wav,data/MLEndHWII_sample_800/S153_hum_4_Feeling.wav,Feeling,S153,test
S153_hum_4_Happy.wav,data/MLEndHWII_sample_800/S153_hum_4_Happy.wav,Happy,S153,train
S154_hum_1_Feeling.wav,data/MLEndHWII_sample_800/S154_hum_1_Feeling.wav,Feeling,S154,train
S154_hum_3_Married.wav,data/MLEndHWII_sample_800/S154_hum_3_Married.wav,Married,S154,test
S154_hum_3_RememberMe.wav,data/MLEndHWII_sample_800/S154_hum_3_RememberMe.wav,RememberMe,S154,train
S154_hum_4_NewYork.wav,data/MLEndHWII_sample_800/S154_hum_4_NewYork.wav,NewYork,S154,test
S155_hum_3_NewYork.wav,data/MLEndHWII_sample_800/S155_hum_3_NewYork.wav,NewYork,S155,train
S155_hum_4_Feeling.wav,data/MLEndHWII_sample_800/S155_hum_4_Feeling.wav,Feeling,S155,train
S155_hum_4_Happy.wav,data/MLEndHWII_sample_800/S155_hum_4_Happy.wav,Happy,S155,train
S155_hum_4_RememberMe.wav,data/MLEndHWII_sample_800/S155_hum_4_RememberMe.wav,RememberMe,S155,train
S156_hum_3_Friend.wav,data/MLEndHWII_sample_800/S156_hum_3_Friend.wav,Friend,S156,test
S156_hum_3_Happy.wav,data/MLEndHWII_sample_800/S156_hum_3_Happy.wav,Happy,S156,train
S156_hum_3_Married.wav,data/MLEndHWII_sample_800/S156_hum_3_Married.wav,Married,S156,train
S156_hum_3_NewYork.wav,data/MLEndHWII_sample_800/S156_hum_3_NewYork.wav,NewYork,S156,train
S157_hum_1_Happy.wav,data/MLEndHWII_sample_800/S157_hum_1_Happy.wav,Happy,S157,test
S157_hum_1_RememberMe.wav,data/MLEndHWII_sample_800/S157_hum_1_RememberMe.wav,RememberMe,S157,train
S157_hum_1_TryEverything.wav,data/MLEndHWII_sample_800/S157_hum_1_TryEverything.wav,TryEverything,S157,train
S157_hum_3_Feeling.wav,data/MLEndHWII_sample_800/S157_hum_3_Feeling.wav,Feeling,S157,train
S157_hum_4_NewYork.wav,data/MLEndHWII_sample_800/S157_hum_4_NewYork.wav,NewYork,S157,test
S158_hum_1_Necessities.wav,data/MLEndHWII_sample_800/S158_hum_1_Necessities.wav,Necessities,S158,train
S158_hum_2_Friend.wav,data/MLEndHWII_sample_800/S158_hum_2_Friend.wav,Friend,S158,test
S158_whistle_1_Married.wav,data/MLEndHWII_sample_800/S158_whistle_1_Married.wav,Married,S158,train
S158_whistle_1_RememberMe.wav,data/MLEndHWII_sample_800/S158_whistle_1_RememberMe.wav,RememberMe,S158,train
S159_hum_1_TryEverything.wav,data/MLEndHWII_sample_800/S159_hum_1_TryEverything.wav,TryEverything,S159,train
S159_whistle_1_Married.wav,data/MLEndHWII_sample_800/S159_whistle_1_Married.wav,Married,S159,train
S159_whistle_1_Necessities.wav,data/MLEndHWII_sample_800/S159_whistle_1_Necessities.wav,Necessities,S159,train
S159_whistle_1_RememberMe.wav,data/MLEndHWII_sample_800/S159_whistle_1_RememberMe.wav,RememberMe,S159,test
S159_whistle_2_Feeling.wav,data/MLEndHWII_sample_800/S159_whistle_2_Feeling.wav,Feeling,S159,train
S15_hum_1_Friend.wav,data/MLEndHWII_sample_800/S15_hum_1_Friend.wav,Friend,S15,test
S15_hum_1_RememberMe.wav,data/MLEndHWII_sample_800/S15_hum_1_RememberMe.wav,RememberMe,S15,train
S15_hum_3_TryEverything.wav,data/MLEndHWII_sample_800/S15_hum_3_TryEverything.wav,TryEverything,S15,train
S15_hum_4_Married.wav,data/MLEndHWII_sample_800/S15_hum_4_Married.wav,Married,S15,train
S15_hum_4_Necessities.wav,data/MLEndHWII_sample_800/S15_hum_4_Necessities.wav,Necessities,S15,train
S160_hum_1_Married.wav,data/MLEndHWII_sample_800/S160_hum_1_Married.wav,Married,S160,val
S160_whistle_1_NewYork.wav,data/MLEndHWII_sample_800/S160_whistle_1_NewYork.wav,NewYork,S160,train
S160_whistle_2_Friend.wav,data/MLEndHWII_sample_800/S160_whistle_2_Friend.wav,Friend,S160,train
S160_whistle_2_Happy.wav,data/MLEndHWII_sample_800/S160_whistle_2_Happy.wav,Happy,S160,train
S161_hum_2_NewYork.wav,data/MLEndHWII_sample_800/S161_hum_2_NewYork.wav,NewYork,S161,train
S161_whistle_1_Friend.wav,data/MLEndHWII_sample_800/S161_whistle_1_Friend.wav,Friend,S161,test
S161_whistle_2_Feeling.wav,data/MLEndHWII_sample_800/S161_whistle_2_Feeling.wav,Feeling,S161,val
S161_whistle_2_RememberMe.wav,data/MLEndHWII_sample_800/S161_whistle_2_RememberMe.wav,RememberMe,S161,train
S162_hum_1_Happy.wav,data/MLEndHWII_sample_800/S162_hum_1_Happy.wav,Happy,S162,val
S162_hum_1_Married.wav,data/MLEndHWII_sample_800/S162_hum_1_Married.wav,Married,S162,train
S162_whistle_1_NewYork.wav,data/MLEndHWII_sample_800/S162_whistle_1_NewYork.wav,NewYork,S162,train
S162_whistle_1_TryEverything.wav,data/MLEndHWII_sample_800/S162_whistle_1_TryEverything.wav,TryEverything,S162,val
S162_whistle_2_Friend.wav,data/MLEndHWII_sample_800/S162_whistle_2_Friend.wav,Friend,S162,train
S163_hum_1_Feeling.wav,data/MLEndHWII_sample_800/S163_hum_1_Feeling.wav,Feeling,S163,train
S163_hum_3_Married.wav,data/MLEndHWII_sample_800/S163_hum_3_Married.wav,Married,S163,val
S163_hum_3_RememberMe.wav,data/MLEndHWII_sample_800/S163_hum_3_RememberMe.wav,RememberMe,S163,test
S163_hum_4_NewYork.wav,data/MLEndHWII_sample_800/S163_hum_4_NewYork.wav,NewYork,S163,train
S164_hum_2_Happy.wav,data/MLEndHWII_sample_800/S164_hum_2_Happy.wav,Happy,S164,train
S164_hum_2_NewYork.wav,data/MLEndHWII_sample_800/S164_hum_2_NewYork.wav,NewYork,S164,val
S164_hum_2_TryEverything.wav,data/MLEndHWII_sample_800/S164_hum_2_TryEverything.wav,TryEverything,S164,train
S164_hum_3_Friend.wav,data/MLEndHWII_sample_800/S164_hum_3_Friend.wav,Friend,S164,train
S165_hum_1_Married.wav,data/MLEndHWII_sample_800/S165_hum_1_Married.wav,Married,S165,test
S165_whistle_1_NewYork.wav,data/MLEndHWII_sample_800/S165_whistle_1_NewYork.wav,NewYork,S165,test
S165_whistle_1_RememberMe.wav,data/MLEndHWII_sample_800/S165_whistle_1_RememberMe.wav,RememberMe,S165,train
S165_whistle_2_Feeling.wav,data/MLEndHWII_sample_800/S165_whistle_2_Feeling.wav,Feeling,S165,train
S165_whistle_2_TryEverything.wav,data/MLEndHWII_sample_800/S165_whistle_2_TryEverything.wav,TryEverything,S165,train
S166_hum_2_Friend.wav,data/MLEndHWII_sample_800/S166_hum_2_Friend.wav,Friend,S166,train
S166_hum_3_Happy.wav,data/MLEndHWII_sample_800/S166_hum_3_Happy.wav,Happy,S166,train
S166_hum_3_NewYork.wav,data/MLEndHWII_sample_800/S166_hum_3_NewYork.wav,NewYork,S166,test
S166_hum_3_TryEverything.wav,data/MLEndHWII_sample_800/S166_hum_3_TryEverything.wav,TryEverything,S166,train
S166_hum_4_Married.wav,data/MLEndHWII_sample_800/S166_hum_4_Married.wav,Married,S166,train
S167_hum_1_Married.wav,data/MLEndHWII_sample_800/S167_hum_1_Married.wav,Married,S167,train
S167_hum_1_NewYork.wav,data/MLEndHWII_sample_800/S167_hum_1_NewYork.wav,NewYork,S167,test
S167_hum_2_Necessities.wav,data/MLEndHWII_sample_800/S167_hum_2_Necessities.wav,Necessities,S167,val
S167_hum_4_Feeling.wav,data/MLEndHWII_sample_800/S167_hum_4_Feeling.wav,Feeling,S167,train
S168_hum_1_Friend.wav,data/MLEndHWII_sample_800/S168_hum_1_Friend.wav,Friend,S168,val
S168_hum_2_Feeling.wav,data/MLEndHWII_sample_800/S168_hum_2_Feeling.wav,Feeling,S168,test
S168_whistle_1_NewYork.wav,data/MLEndHWII_sample_800/S168_whistle_1_NewYork.wav,NewYork,S168,train
S168_whistle_1_RememberMe.wav,data/MLEndHWII_sample_800/S168_whistle_1_RememberMe.wav,RememberMe,S168,train
S169_hum_1_Happy.wav,data/MLEndHWII_sample_800/S169_hum_1_Happy.wav,Happy,S169,train
S169_hum_1_Necessities.wav,data/MLEndHWII_sample_800/S169_hum_1_Necessities.wav,Necessities,S169,train
S169_hum_2_NewYork.wav,data/MLEndHWII_sample_800/S169_hum_2_NewYork.wav,NewYork,S169,train
S169_hum_3_Feeling.wav,data/MLEndHWII_sample_800/S169_hum_3_Feeling.wav,Feeling,S169,train
S16_hum_1_TryEverything.wav,data/MLEndHWII_sample_800/S16_hum_1_TryEverything.wav,TryEverything,S16,val
S16_hum_2_Happy.wav,data/MLEndHWII_sample_800/S16_hum_2_Happy.wav,Happy,S16,train
S16_hum_2_RememberMe.wav,data/MLEndHWII_sample_800/S16_hum_2_RememberMe.wav,RememberMe,S16,train
S16_hum_3_NewYork.wav,data/MLEndHWII_sample_800/S16_hum_3_NewYork.wav,NewYork,S16,train
S170_hum_2_NewYork.wav,data/MLEndHWII_sample_800/S170_hum_2_NewYork.wav,NewYork,S170,train
S170_whistle_1_Friend.wav,data/MLEndHWII_sample_800/S170_whistle_1_Friend.wav,Friend,S170,train
S170_whistle_1_Happy.wav,data/MLEndHWII_sample_800/S170_whistle_1_Happy.wav,Happy,S170,train
S170_whistle_2_RememberMe.wav,data/MLEndHWII_sample_800/S170_whistle_2_RememberMe.wav,RememberMe,S170,train
S171_hum_2_Feeling.wav,data/MLEndHWII_sample_800/S171_hum_2_Feeling.wav,Feeling,S171,train
S171_hum_2_TryEverything.wav,data/MLEndHWII_sample_800/S171_hum_2_TryEverything.wav,TryEverything,S171,train
S171_whistle_1_Necessities.wav,data/MLEndHWII_sample_800/S171_whistle_1_Necessities.wav,Necessities,S171,train
S171_whistle_2_Happy.wav,data/MLEndHWII_sample_800/S171_whistle_2_Happy.wav,Happy,S171,val
S171_whistle_2_NewYork.wav,data/MLEndHWII_sample_800/S171_whistle_2_NewYork.wav,NewYork,S171,train
S172_hum_1_TryEverything.wav,data/MLEndHWII_sample_800/S172_hum_1_TryEverything.wav,TryEverything,S172,train
S172_whistle_1_Married.wav,data/MLEndHWII_sample_800/S172_whistle_1_Married.wav,Married,S172,train
S172_whistle_1_Necessities.wav,data/MLEndHWII_sample_800/S172_whistle_1_Necessities.wav,Necessities,S172,train
S172_whistle_1_RememberMe.wav,data/MLEndHWII_sample_800/S172_whistle_1_RememberMe.wav,RememberMe,S172,train
S172_whistle_2_Friend.wav,data/MLEndHWII_sample_800/S172_whistle_2_Friend.wav,Friend,S172,train
S173_hum_2_Friend.wav,data/MLEndHWII_sample_800/S173_hum_2_Friend.wav,Friend,S173,val
S173_hum_2_TryEverything.wav,data/MLEndHWII_sample_800/S173_hum_2_TryEverything.wav,TryEverything,S173,train
S173_whistle_1_Happy.wav,data/MLEndHWII_sample_800/S173_whistle_1_Happy.wav,Happy,S173,train
S173_whistle_1_RememberMe.wav,data/MLEndHWII_sample_800/S173_whistle_1_RememberMe.wav,RememberMe,S173,val
S173_whistle_2_Necessities.wav,data/MLEndHWII_sample_800/S173_whistle_2_Necessities.wav,Necessities,S173,train
S174_hum_2_Necessities.wav,data/MLEndHWII_sample_800/S174_hum_2_Necessities.wav,Necessities,S174,train
S174_whistle_1_TryEverything.wav,data/MLEndHWII_sample_800/S174_whistle_1_TryEverything.wav,TryEverything,S174,train
S174_whistle_2_Feeling.wav,data/MLEndHWII_sample_800/S174_whistle_2_Feeling.wav,Feeling,S174,train
S174_whistle_2_Married.wav,data/MLEndHWII_sample_800/S174_whistle_2_Married.wav,Married,S174,train
S175_hum_1_Feeling.wav,data/MLEndHWII_sample_800/S175_hum_1_Feeling.wav,Feeling,S175,train
S175_hum_2_Married.wav,data/MLEndHWII_sample_800/S175_hum_2_Married.wav,Married,S175,train
S175_hum_3_NewYork.wav,data/MLEndHWII_sample_800/S175_hum_3_NewYork.wav,NewYork,S175,train
S175_hum_4_RememberMe.wav,data/MLEndHWII_sample_800/S175_hum_4_RememberMe.wav,RememberMe,S175,train
S175_hum_4_TryEverything.wav,data/MLEndHWII_sample_800/S175_hum_4_TryEverything.wav,TryEverything,S175,train
S176_hum_1_Friend.wav,data/MLEndHWII_sample_800/S176_hum_1_Friend.wav,Friend,S176,train
S176_hum_2_Married.wav,data/MLEndHWII_sample_800/S176_hum_2_Married.wav,Married,S176,val
S176_hum_2_NewYork.wav,data/MLEndHWII_sample_800/S176_hum_2_NewYork.wav,NewYork,S176,train
S176_hum_4_RememberMe.wav,data/MLEndHWII_sample_800/S176_hum_4_RememberMe.wav,RememberMe,S176,train
S177_hum_1_Married.wav,data/MLEndHWII_sample_800/S177_hum_1_Married.wav,Married,S177,train
S177_whistle_2_Friend.wav,data/MLEndHWII_sample_800/S177_whistle_2_Friend.wav,Friend,S177,train
S177_whistle_2_Happy.wav,data/MLEndHWII_sample_800/S177_whistle_2_Happy.wav,Happy,S177,train
S177_whistle_2_RememberMe.wav,data/MLEndHWII_sample_800/S177_whistle_2_RememberMe.wav,RememberMe,S177,train
S177_whistle_2_TryEverything.wav,data/MLEndHWII_sample_800/S177_whistle_2_TryEverything.wav,TryEverything,S177,train
S178_hum_1_Happy.wav,data/MLEndHWII_sample_800/S178_hum_1_Happy.wav,Happy,S178,train
S178_hum_1_Necessities.wav,data/MLEndHWII_sample_800/S178_hum_1_Necessities.wav,Necessities,S178,train
S178_whistle_2_Feeling.wav,data/MLEndHWII_sample_800/S178_whistle_2_Feeling.wav,Feeling,S178,train
S178_whistle_2_TryEverything.wav,data/MLEndHWII_sample_800/S178_whistle_2_TryEverything.wav,TryEverything,S178,train
S179_whistle_1_Feeling.wav,data/MLEndHWII_sample_800/S179_whistle_1_Feeling.wav,Feeling,S179,train
S179_whistle_1_TryEverything.wav,data/MLEndHWII_sample_800/S179_whistle_1_TryEverything.wav,TryEverything,S179,train
S179_whistle_2_Happy.wav,data/MLEndHWII_sample_800/S179_whistle_2_Happy.wav,Happy,S179,train
S179_whistle_2_NewYork.wav,data/MLEndHWII_sample_800/S179_whistle_2_NewYork.wav,NewYork,S179,train
S17_hum_1_Feeling.wav,data/MLEndHWII_sample_800/S17_hum_1_Feeling.wav,Feeling,S17,test
S17_whistle_1_Married.wav,data/MLEndHWII_sample_800/S17_whistle_1_Married.wav,Married,S17,val
S17_whistle_2_NewYork.wav,data/MLEndHWII_sample_800/S17_whistle_2_NewYork.wav,NewYork,S17,val
S17_whistle_2_RememberMe.wav,data/MLEndHWII_sample_800/S17_whistle_2_RememberMe.wav,RememberMe,S17,train
S17_whistle_2_TryEverything.wav,data/MLEndHWII_sample_800/S17_whistle_2_TryEverything.wav,TryEverything,S17,train
S180_hum_2_Necessities.wav,data/MLEndHWII_sample_800/S180_hum_2_Necessities.wav,Necessities,S180,test
S180_whistle_2_Feeling.wav,data/MLEndHWII_sample_800/S180_whistle_2_Feeling.wav,Feeling,S180,train
S180_whistle_2_Happy.wav,data/MLEndHWII_sample_800/S180_whistle_2_Happy.wav,Happy,S180,train
S180_whistle_2_RememberMe.wav,data/MLEndHWII_sample_800/S180_whistle_2_RememberMe.wav,RememberMe,S180,train
S181_hum_1_Necessities.wav,data/MLEndHWII_sample_800/S181_hum_1_Necessities.wav,Necessities,S181,val
S181_hum_3_RememberMe.wav,data/MLEndHWII_sample_800/S181_hum_3_RememberMe.wav,RememberMe,S181,train
S181_hum_4_Friend.wav,data/MLEndHWII_sample_800/S181_hum_4_Friend.wav,Friend,S181,test
S181_hum_4_Happy.wav,data/MLEndHWII_sample_800/S181_hum_4_Happy.wav,Happy,S181,train
S182_whistle_1_Married.wav,data/MLEndHWII_sample_800/S182_whistle_1_Married.wav,Married,S182,train
S182_whistle_2_Feeling.wav,data/MLEndHWII_sample_800/S182_whistle_2_Feeling.wav,Feeling,S182,train
S182_whistle_2_Necessities.wav,data/MLEndHWII_sample_800/S182_whistle_2_Necessities.wav,Necessities,S182,train
S182_whistle_2_RememberMe.wav,data/MLEndHWII_sample_800/S182_whistle_2_RememberMe.wav,RememberMe,S182,train
S183_hum_1_NewYork.wav,data/MLEndHWII_sample_800/S183_hum_1_NewYork.wav,NewYork,S183,train
S183_hum_3_Friend.wav,data/MLEndHWII_sample_800/S183_hum_3_Friend.wav,Friend,S183,val
S183_hum_3_Married.wav,data/MLEndHWII_sample_800/S183_hum_3_Married.wav,Married,S183,val
S183_hum_3_TryEverything.wav,data/MLEndHWII_sample_800/S183_hum_3_TryEverything.wav,TryEverything,S183,train
S184_hum_2_Married.wav,data/MLEndHWII_sample_800/S184_hum_2_Married.wav,Married,S184,val
S184_hum_2_Necessities.wav,data/MLEndHWII_sample_800/S184_hum_2_Necessities.wav,Necessities,S184,train
S184_hum_2_RememberMe.wav,data/MLEndHWII_sample_800/S184_hum_2_RememberMe.wav,RememberMe,S184,train
S184_whistle_1_Friend.wav,data/MLEndHWII_sample_800/S184_whistle_1_Friend.wav,Friend,S184,train
S185_whistle_1_Happy.wav,data/MLEndHWII_sample_800/S185_whistle_1_Happy.wav,Happy,S185,train
S185_whistle_1_Necessities.wav,data/MLEndHWII_sample_800/S185_whistle_1_Necessities.wav,Necessities,S185,train
S185_whistle_1_TryEverything.wav,data/MLEndHWII_sample_800/S185_whistle_1_TryEverything.wav,TryEverything,S185,train
S185_whistle_2_Friend.wav,data/MLEndHWII_sample_800/S185_whistle_2_Friend.wav,Friend,S185,train
S185_whistle_2_RememberMe.wav,data/MLEndHWII_sample_800/S185_whistle_2_RememberMe.wav,RememberMe,S185,val
S186_whistle_1_Friend.wav,data/MLEndHWII_sample_800/S186_whistle_1_Friend.wav,Friend,S186,train
S186_whistle_1_Married.wav,data/MLEndHWII_sample_800/S186_whistle_1_Married.wav,Married,S186,train
S186_whistle_2_Happy.wav,data/MLEndHWII_sample_800/S186_whistle_2_Happy.wav,Happy,S186,train
S186_whistle_2_TryEverything.wav,data/MLEndHWII_sample_800/S186_whistle_2_TryEverything.wav,TryEverything,S186,test
S187_hum_1_Friend.wav,data/MLEndHWII_sample_800/S187_hum_1_Friend.wav,Friend,S187,train
S187_hum_2_TryEverything.wav,data/MLEndHWII_sample_800/S187_hum_2_TryEverything.wav,TryEverything,S187,train
S187_whistle_1_Married.wav,data/MLEndHWII_sample_800/S187_whistle_1_Married.wav,Married,S187,test
S187_whistle_2_NewYork.wav,data/MLEndHWII_sample_800/S187_whistle_2_NewYork.wav,NewYork,S187,train
S188_hum_1_RememberMe.wav,data/MLEndHWII_sample_800/S188_hum_1_RememberMe.wav,RememberMe,S188,train
S188_whistle_1_NewYork.wav,data/MLEndHWII_sample_800/S188_whistle_1_NewYork.wav,NewYork,S188,test
S188_whistle_2_Feeling.wav,data/MLEndHWII_sample_800/S188_whistle_2_Feeling.wav,Feeling,S188,val
S188_whistle_2_Married.wav,data/MLEndHWII_sample_800/S188_whistle_2_Married.wav,Married,S188,train
S18_whistle_1_Feeling.wav,data/MLEndHWII_sample_800/S18_whistle_1_Feeling.wav,Feeling,S18,test
S18_whistle_1_Friend.wav,data/MLEndHWII_sample_800/S18_whistle_1_Friend.wav,Friend,S18,train
S18_whistle_1_NewYork.wav,data/MLEndHWII_sample_800/S18_whistle_1_NewYork.wav,NewYork,S18,train
S18_whistle_1_TryEverything.wav,data/MLEndHWII_sample_800/S18_whistle_1_TryEverything.wav,TryEverything,S18,train
S19_hum_1_NewYork.wav,data/MLEndHWII_sample_800/S19_hum_1_NewYork.wav,NewYork,S19,train
S19_hum_4_Friend.wav,data/MLEndHWII_sample_800/S19_hum_4_Friend.wav,Friend,S19,train
S19_whistle_1_Happy.wav,data/MLEndHWII_sample_800/S19_whistle_1_Happy.wav,Happy,S19,test
S19_whistle_2_RememberMe.wav,data/MLEndHWII_sample_800/S19_whistle_2_RememberMe.wav,RememberMe,S19,test
S1_hum_2_Necessities.wav,data/MLEndHWII_sample_800/S1_hum_2_Necessities.wav,Necessities,S1,val
S1_hum_2_TryEverything.wav,data/MLEndHWII_sample_800/S1_hum_2_TryEverything.wav,TryEverything,S1,train
S1_whistle_1_Married.wav,data/MLEndHWII_sample_800/S1_whistle_1_Married.wav,Married,S1,train
S1_whistle_1_NewYork.wav,data/MLEndHWII_sample_800/S1_whistle_1_NewYork.wav,NewYork,S1,train
S1_whistle_2_Friend.wav,data/MLEndHWII_sample_800/S1_whistle_2_Friend.wav,Friend,S1,train
S20_hum_1_Feeling.wav,data/MLEndHWII_sample_800/S20_hum_1_Feeling.wav,Feeling,S20,train
S20_hum_2_RememberMe.wav,data/MLEndHWII_sample_800/S20_hum_2_RememberMe.wav,RememberMe,S20,train
S20_hum_3_TryEverything.wav,data/MLEndHWII_sample_800/S20_hum_3_TryEverything.wav,TryEverything,S20,test
S20_hum_4_Happy.wav,data/MLEndHWII_sample_800/S20_hum_4_Happy.wav,Happy,S20,train
S20_hum_4_NewYork.wav,data/MLEndHWII_sample_800/S20_hum_4_NewYork.wav,NewYork,S20,train
S21_hum_1_TryEverything.wav,data/MLEndHWII_sample_800/S21_hum_1_TryEverything.wav,TryEverything,S21,train
S21_whistle_1_Feeling.wav,data/MLEndHWII_sample_800/S21_whistle_1_Feeling.wav,Feeling,S21,train
S21_whistle_1_Married.wav,data/MLEndHWII_sample_800/S21_whistle_1_Married.wav,Married,S21,val
S21_whistle_1_Necessities.wav,data/MLEndHWII_sample_800/S21_whistle_1_Necessities.wav,Necessities,S21,val
S21_whistle_1_RememberMe.wav,data/MLEndHWII_sample_800/S21_whistle_1_RememberMe.wav,RememberMe,S21,test
S22_whistle_1_Friend.wav,data/MLEndHWII_sample_800/S22_whistle_1_Friend.wav,Friend,S22,train
S22_whistle_1_Married.wav,data/MLEndHWII_sample_800/S22_whistle_1_Married.wav,Married,S22,train
S22_whistle_1_Necessities.wav,data/MLEndHWII_sample_800/S22_whistle_1_Necessities.wav,Necessities,S22,train
S22_whistle_2_NewYork.wav,data/MLEndHWII_sample_800/S22_whistle_2_NewYork.wav,NewYork,S22,train
S23_hum_1_Married.wav,data/MLEndHWII_sample_800/S23_hum_1_Married.wav,Married,S23,train
S23_hum_2_Friend.wav,data/MLEndHWII_sample_800/S23_hum_2_Friend.wav,Friend,S23,train
S23_hum_2_Happy.wav,data/MLEndHWII_sample_800/S23_hum_2_Happy.wav,Happy,S23,test
S23_hum_2_NewYork.wav,data/MLEndHWII_sample_800/S23_hum_2_NewYork.wav,NewYork,S23,train
S24_hum_1_Feeling.wav,data/MLEndHWII_sample_800/S24_hum_1_Feeling.wav,Feeling,S24,train
S24_whistle_1_Married.wav,data/MLEndHWII_sample_800/S24_whistle_1_Married.wav,Married,S24,train
S24_whistle_2_Happy.wav,data/MLEndHWII_sample_800/S24_whistle_2_Happy.wav,Happy,S24,val
S24_whistle_2_RememberMe.wav,data/MLEndHWII_sample_800/S24_whistle_2_RememberMe.wav,RememberMe,S24,train
S25_hum_2_Friend.wav,data/MLEndHWII_sample_800/S25_hum_2_Friend.wav,Friend,S25,train
S25_hum_2_Married.wav,data/MLEndHWII_sample_800/S25_hum_2_Married.wav,Married,S25,train
S25_whistle_1_Happy.wav,data/MLEndHWII_sample_800/S25_whistle_1_Happy.wav,Happy,S25,train
S25_whistle_2_NewYork.wav,data/MLEndHWII_sample_800/S25_whistle_2_NewYork.wav,NewYork,S25,train
S26_hum_1_NewYork.wav,data/MLEndHWII_sample_800/S26_hum_1_NewYork.wav,NewYork,S26,train
S26_hum_2_RememberMe.wav,data/MLEndHWII_sample_800/S26_hum_2_RememberMe.wav,RememberMe,S26,train
S26_hum_4_Friend.wav,data/MLEndHWII_sample_800/S26_hum_4_Friend.wav,Friend,S26,train
S26_hum_4_Married.wav,data/MLEndHWII_sample_800/S26_hum_4_Married.wav,Married,S26,val
S26_hum_4_TryEverything.wav,data/MLEndHWII_sample_800/S26_hum_4_TryEverything.wav,TryEverything,S26,val
S27_whistle_1_Friend.wav,data/MLEndHWII_sample_800/S27_whistle_1_Friend.wav,Friend,S27,train
S27_whistle_1_Happy.wav,data/MLEndHWII_sample_800/S27_whistle_1_Happy.wav,Happy,S27,train
S27_whistle_1_Necessities.wav,data/MLEndHWII_sample_800/S27_whistle_1_Necessities.wav,Necessities,S27,test
S27_whistle_1_TryEverything.wav,data/MLEndHWII_sample_800/S27_whistle_1_TryEverything.wav,TryEverything,S27,train
S28_hum_1_RememberMe.wav,data/MLEndHWII_sample_800/S28_hum_1_RememberMe.wav,RememberMe,S28,test
S28_hum_2_Friend.wav,data/MLEndHWII_sample_800/S28_hum_2_Friend.wav,Friend,S28,train
S28_whistle_1_Necessities.wav,data/MLEndHWII_sample_800/S28_whistle_1_Necessities.wav,Necessities,S28,train
S28_whistle_2_Married.wav,data/MLEndHWII_sample_800/S28_whistle_2_Married.wav,Married,S28,train
S28_whistle_2_TryEverything.wav,data/MLEndHWII_sample_800/S28_whistle_2_TryEverything.wav,TryEverything,S28,train
S29_hum_2_Necessities.wav,data/MLEndHWII_sample_800/S29_hum_2_Necessities.wav,Necessities,S29,train
S29_hum_3_NewYork.wav,data/MLEndHWII_sample_800/S29_hum_3_NewYork.wav,NewYork,S29,val
S29_hum_4_Friend.wav,data/MLEndHWII_sample_800/S29_hum_4_Friend.wav,Friend,S29,val
S29_hum_4_Happy.wav,data/MLEndHWII_sample_800/S29_hum_4_Happy.wav,Happy,S29,test
S2_whistle_1_Friend.wav,data/MLEndHWII_sample_800/S2_whistle_1_Friend.wav,Friend,S2,train
S2_whistle_1_Happy.wav,data/MLEndHWII_sample_800/S2_whistle_1_Happy.wav,Happy,S2,train
S2_whistle_1_TryEverything.wav,data/MLEndHWII_sample_800/S2_whistle_1_TryEverything.wav,TryEverything,S2,train
S2_whistle_2_NewYork.wav,data/MLEndHWII_sample_800/S2_whistle_2_NewYork.wav,NewYork,S2,train
S30_hum_1_Feeling.wav,data/MLEndHWII_sample_800/S30_hum_1_Feeling.wav,Feeling,S30,train
S30_hum_3_Married.wav,data/MLEndHWII_sample_800/S30_hum_3_Married.wav,Married,S30,test
S30_hum_3_TryEverything.wav,data/MLEndHWII_sample_800/S30_hum_3_TryEverything.wav,TryEverything,S30,test
S30_hum_4_Necessities.wav,data/MLEndHWII_sample_800/S30_hum_4_Necessities.wav,Necessities,S30,val
S31_hum_1_Happy.wav,data/MLEndHWII_sample_800/S31_hum_1_Happy.wav,Happy,S31,train
S31_hum_2_Friend.wav,data/MLEndHWII_sample_800/S31_hum_2_Friend.wav,Friend,S31,train
S31_hum_2_NewYork.wav,data/MLEndHWII_sample_800/S31_hum_2_NewYork.wav,NewYork,S31,train
S31_hum_3_RememberMe.wav,data/MLEndHWII_sample_800/S31_hum_3_RememberMe.wav,RememberMe,S31,val
S32_hum_2_TryEverything.wav,data/MLEndHWII_sample_800/S32_hum_2_TryEverything.wav,TryEverything,S32,train
S32_whistle_1_Feeling.wav,data/MLEndHWII_sample_800/S32_whistle_1_Feeling.wav,Feeling,S32,val
S32_whistle_2_Friend.wav,data/MLEndHWII_sample_800/S32_whistle_2_Friend.wav,Friend,S32,test
S32_whistle_2_Necessities.wav,data/MLEndHWII_sample_800/S32_whistle_2_Necessities.wav,Necessities,S32,train
S33_hum_1_NewYork.wav,data/MLEndHWII_sample_800/S33_hum_1_NewYork.wav,NewYork,S33,train
S33_hum_1_TryEverything.wav,data/MLEndHWII_sample_800/S33_hum_1_TryEverything.wav,TryEverything,S33,train
S33_hum_2_Feeling.wav,data/MLEndHWII_sample_800/S33_hum_2_Feeling.wav,Feeling,S33,test
S33_whistle_2_Friend.wav,data/MLEndHWII_sample_800/S33_whistle_2_Friend.wav,Friend,S33,train
S34_hum_2_TryEverything.wav,data/MLEndHWII_sample_800/S34_hum_2_TryEverything.wav,TryEverything,S34,train
S34_whistle_1_Friend.wav,data/MLEndHWII_sample_800/S34_whistle_1_Friend.wav,Friend,S34,train
S34_whistle_1_Happy.wav,data/MLEndHWII_sample_800/S34_whistle_1_Happy.wav,Happy,S34,train
S34_whistle_2_Necessities.wav,data/MLEndHWII_sample_800/S34_whistle_2_Necessities.wav,Necessities,S34,val
S35_hum_2_Happy.wav,data/MLEndHWII_sample_800/S35_hum_2_Happy.wav,Happy,S35,train
S35_hum_2_NewYork.wav,data/MLEndHWII_sample_800/S35_hum_2_NewYork.wav,NewYork,S35,val
S35_hum_3_Feeling.wav,data/MLEndHWII_sample_800/S35_hum_3_Feeling.wav,Feeling,S35,val
S35_hum_3_TryEverything.wav,data/MLEndHWII_sample_800/S35_hum_3_TryEverything.wav,TryEverything,S35,val
S36_hum_1_Feeling.wav,data/MLEndHWII_sample_800/S36_hum_1_Feeling.wav,Feeling,S36,val
S36_hum_1_Married.wav,data/MLEndHWII_sample_800/S36_hum_1_Married.wav,Married,S36,train
S36_hum_1_RememberMe.wav,data/MLEndHWII_sample_800/S36_hum_1_RememberMe.wav,RememberMe,S36,test
S36_whistle_1_Happy.wav,data/MLEndHWII_sample_800/S36_whistle_1_Happy.wav,Happy,S36,train
S36_whistle_1_TryEverything.wav,data/MLEndHWII_sample_800/S36_whistle_1_TryEverything.wav,TryEverything,S36,train
S38_hum_1_Feeling.wav,data/MLEndHWII_sample_800/S38_hum_1_Feeling.wav,Feeling,S38,train
S38_hum_2_Necessities.wav,data/MLEndHWII_sample_800/S38_hum_2_Necessities.wav,Necessities,S38,train
S38_whistle_1_Happy.wav,data/MLEndHWII_sample_800/S38_whistle_1_Happy.wav,Happy,S38,train
S38_whistle_1_RememberMe.wav,data/MLEndHWII_sample_800/S38_whistle_1_RememberMe.wav,RememberMe,S38,train
S39_hum_1_Necessities.wav,data/MLEndHWII_sample_800/S39_hum_1_Necessities.wav,Necessities,S39,val
S39_whistle_2_Friend.wav,data/MLEndHWII_sample_800/S39_whistle_2_Friend.wav,Friend,S39,train
S39_whistle_2_Happy.wav,data/MLEndHWII_sample_800/S39_whistle_2_Happy.wav,Happy,S39,train
S39_whistle_2_NewYork.wav,data/MLEndHWII_sample_800/S39_whistle_2_NewYork.wav,NewYork,S39,train
S3_whistle_2_Friend.wav,data/MLEndHWII_sample_800/S3_whistle_2_Friend.wav,Friend,S3,train
S3_whistle_2_Married.wav,data/MLEndHWII_sample_800/S3_whistle_2_Married.wav,Married,S3,train
S3_whistle_2_Necessities.wav,data/MLEndHWII_sample_800/S3_whistle_2_Necessities.wav,Necessities,S3,test
S3_whistle_2_RememberMe.wav,data/MLEndHWII_sample_800/S3_whistle_2_RememberMe.wav,RememberMe,S3,train
S3_whistle_2_TryEverything.wav,data/MLEndHWII_sample_800/S3_whistle_2_TryEverything.wav,TryEverything,S3,val
S40_hum_2_Necessities.wav,data/MLEndHWII_sample_800/S40_hum_2_Necessities.wav,Necessities,S40,train
S40_whistle_1_Friend.wav,data/MLEndHWII_sample_800/S40_whistle_1_Friend.wav,Friend,S40,train
S40_whistle_2_Married.wav,data/MLEndHWII_sample_800/S40_whistle_2_Married.wav,Married,S40,test
S40_whistle_2_NewYork.wav,data/MLEndHWII_sample_800/S40_whistle_2_NewYork.wav,NewYork,S40,val
S41_whistle_1_Feeling.wav,data/MLEndHWII_sample_800/S41_whistle_1_Feeling.wav,Feeling,S41,train
S41_whistle_1_Necessities.wav,data/MLEndHWII_sample_800/S41_whistle_1_Necessities.wav,Necessities,S41,train
S41_whistle_1_TryEverything.wav,data/MLEndHWII_sample_800/S41_whistle_1_TryEverything.wav,TryEverything,S41,train
S41_whistle_2_Happy.wav,data/MLEndHWII_sample_800/S41_whistle_2_Happy.wav,Happy,S41,train
S42_hum_2_Friend.wav,data/MLEndHWII_sample_800/S42_hum_2_Friend.wav,Friend,S42,train
S42_whistle_1_Necessities.wav,data/MLEndHWII_sample_800/S42_whistle_1_Necessities.wav,Necessities,S42,train
S42_whistle_1_NewYork.wav,data/MLEndHWII_sample_800/S42_whistle_1_NewYork.wav,NewYork,S42,train
S42_whistle_1_TryEverything.wav,data/MLEndHWII_sample_800/S42_whistle_1_TryEverything.wav,TryEverything,S42,train
S42_whistle_2_Feeling.wav,data/MLEndHWII_sample_800/S42_whistle_2_Feeling.wav,Feeling,S42,val
S43_whistle_1_Feeling.wav,data/MLEndHWII_sample_800/S43_whistle_1_Feeling.wav,Feeling,S43,train
S43_whistle_1_Happy.wav,data/MLEndHWII_sample_800/S43_whistle_1_Happy.wav,Happy,S43,val
S43_whistle_1_NewYork.wav,data/MLEndHWII_sample_800/S43_whistle_1_NewYork.wav,NewYork,S43,train
S43_whistle_1_TryEverything.wav,data/MLEndHWII_sample_800/S43_whistle_1_TryEverything.wav,TryEverything,S43,train
S44_whistle_1_Friend.wav,data/MLEndHWII_sample_800/S44_whistle_1_Friend.wav,Friend,S44,val
S44_whistle_1_TryEverything.wav,data/MLEndHWII_sample_800/S44_whistle_1_TryEverything.wav,TryEverything,S44,val
S44_whistle_2_Married.wav,data/MLEndHWII_sample_800/S44_whistle_2_Married.wav,Married,S44,train
S44_whistle_2_Necessities.wav,data/MLEndHWII_sample_800/S44_whistle_2_Necessities.wav,Necessities,S44,train
S44_whistle_2_RememberMe.wav,data/MLEndHWII_sample_800/S44_whistle_2_RememberMe.wav,RememberMe,S44,train
S45_hum_1_Happy.wav,data/MLEndHWII_sample_800/S45_hum_1_Happy.wav,Happy,S45,val
S45_hum_1_NewYork.wav,data/MLEndHWII_sample_800/S45_hum_1_NewYork.wav,NewYork,S45,train
S45_whistle_1_Friend.wav,data/MLEndHWII_sample_800/S45_whistle_1_Friend.wav,Friend,S45,val
S45_whistle_1_RememberMe.wav,data/MLEndHWII_sample_800/S45_whistle_1_RememberMe.wav,RememberMe,S45,val
S46_hum_1_Feeling.wav,data/MLEndHWII_sample_800/S46_hum_1_Feeling.wav,Feeling,S46,train
S46_hum_2_RememberMe.wav,data/MLEndHWII_sample_800/S46_hum_2_RememberMe.wav,RememberMe,S46,train
S46_hum_3_Friend.wav,data/MLEndHWII_sample_800/S46_hum_3_Friend.wav,Friend,S46,train
S46_hum_4_Necessities.wav,data/MLEndHWII_sample_800/S46_hum_4_Necessities.wav,Necessities,S46,test
S47_hum_2_NewYork.wav,data/MLEndHWII_sample_800/S47_hum_2_NewYork.wav,NewYork,S47,val
S47_whistle_1_Feeling.wav,data/MLEndHWII_sample_800/S47_whistle_1_Feeling.wav,Feeling,S47,train
S47_whistle_1_Married.wav,data/MLEndHWII_sample_800/S47_whistle_1_Married.wav,Married,S47,train
S47_whistle_1_TryEverything.wav,data/MLEndHWII_sample_800/S47_whistle_1_TryEverything.wav,TryEverything,S47,train
S48_hum_1_Happy.wav,data/MLEndHWII_sample_800/S48_hum_1_Happy.wav,Happy,S48,val
S48_hum_1_RememberMe.wav,data/MLEndHWII_sample_800/S48_hum_1_RememberMe.wav,RememberMe,S48,train
S48_whistle_1_TryEverything.wav,data/MLEndHWII_sample_800/S48_whistle_1_TryEverything.wav,TryEverything,S48,train
S48_whistle_2_Friend.wav,data/MLEndHWII_sample_800/S48_whistle_2_Friend.wav,Friend,S48,train
S48_whistle_2_Married.wav,data/MLEndHWII_sample_800/S48_whistle_2_Married.wav,Married,S48,train
S49_hum_1_Happy.wav,data/MLEndHWII_sample_800/S49_hum_1_Happy.wav,Happy,S49,train
S49_hum_2_TryEverything.wav,data/MLEndHWII_sample_800/S49_hum_2_TryEverything.wav,TryEverything,S49,train
S49_hum_3_Friend.wav,data/MLEndHWII_sample_800/S49_hum_3_Friend.wav,Friend,S49,train
S49_hum_4_Necessities.wav,data/MLEndHWII_sample_800/S49_hum_4_Necessities.wav,Necessities,S49,train
S49_hum_4_RememberMe.wav,data/MLEndHWII_sample_800/S49_hum_4_RememberMe.wav,RememberMe,S49,test
S4_hum_2_Necessities.wav,data/MLEndHWII_sample_800/S4_hum_2_Necessities.wav,Necessities,S4,train
S4_whistle_1_NewYork.wav,data/MLEndHWII_sample_800/S4_whistle_1_NewYork.wav,NewYork,S4,train
S4_whistle_2_Friend.wav,data/MLEndHWII_sample_800/S4_whistle_2_Friend.wav,Friend,S4,train
S4_whistle_2_Married.wav,data/MLEndHWII_sample_800/S4_whistle_2_Married.wav,Married,S4,train
S50_whistle_1_NewYork.wav,data/MLEndHWII_sample_800/S50_whistle_1_NewYork.wav,NewYork,S50,train
S50_whistle_2_Feeling.wav,data/MLEndHWII_sample_800/S50_whistle_2_Feeling.wav,Feeling,S50,train
S50_whistle_2_Married.wav,data/MLEndHWII_sample_800/S50_whistle_2_Married.wav,Married,S50,val
S50_whistle_2_RememberMe.wav,data/MLEndHWII_sample_800/S50_whistle_2_RememberMe.wav,RememberMe,S50,test
S51_hum_1_Feeling.wav,data/MLEndHWII_sample_800/S51_hum_1_Feeling.wav,Feeling,S51,train
S51_hum_2_NewYork.wav,data/MLEndHWII_sample_800/S51_hum_2_NewYork.wav,NewYork,S51,train
S51_hum_2_TryEverything.wav,data/MLEndHWII_sample_800/S51_hum_2_TryEverything.wav,TryEverything,S51,train
S51_hum_3_Happy.wav,data/MLEndHWII_sample_800/S51_hum_3_Happy.wav,Happy,S51,train
S51_hum_3_RememberMe.wav,data/MLEndHWII_sample_800/S51_hum_3_RememberMe.wav,RememberMe,S51,test
S52_hum_1_NewYork.wav,data/MLEndHWII_sample_800/S52_hum_1_NewYork.wav,NewYork,S52,train
S52_hum_3_Married.wav,data/MLEndHWII_sample_800/S52_hum_3_Married.wav,Married,S52,train
S52_hum_4_Friend.wav,data/MLEndHWII_sample_800/S52_hum_4_Friend.wav,Friend,S52,test
S52_hum_4_Necessities.wav,data/MLEndHWII_sample_800/S52_hum_4_Necessities.wav,Necessities,S52,train
S53_hum_1_Necessities.wav,data/MLEndHWII_sample_800/S53_hum_1_Necessities.wav,Necessities,S53,train
S53_hum_2_NewYork.wav,data/MLEndHWII_sample_800/S53_hum_2_NewYork.wav,NewYork,S53,val
S53_whistle_1_Happy.wav,data/MLEndHWII_sample_800/S53_whistle_1_Happy.wav,Happy,S53,test
S53_whistle_1_TryEverything.wav,data/MLEndHWII_sample_800/S53_whistle_1_TryEverything.wav,TryEverything,S53,train
S53_whistle_2_Feeling.wav,data/MLEndHWII_sample_800/S53_whistle_2_Feeling.wav,Feeling,S53,train
S54_hum_1_Married.wav,data/MLEndHWII_sample_800/S54_hum_1_Married.wav,Married,S54,train
S54_hum_2_Friend.wav,data/MLEndHWII_sample_800/S54_hum_2_Friend.wav,Friend,S54,train
S54_hum_2_TryEverything.wav,data/MLEndHWII_sample_800/S54_hum_2_TryEverything.wav,TryEverything,S54,train
S54_whistle_2_NewYork.wav,data/MLEndHWII_sample_800/S54_whistle_2_NewYork.wav,NewYork,S54,val
S54_whistle_2_RememberMe.wav,data/MLEndHWII_sample_800/S54_whistle_2_RememberMe.wav,RememberMe,S54,train
S55_hum_1_Feeling.wav,data/MLEndHWII_sample_800/S55_hum_1_Feeling.wav,Feeling,S55,train
S55_hum_2_Happy.wav,data/MLEndHWII_sample_800/S55_hum_2_Happy.wav,Happy,S55,train
S55_hum_3_TryEverything.wav,data/MLEndHWII_sample_800/S55_hum_3_TryEverything.wav,TryEverything,S55,test
S55_hum_4_Necessities.wav,data/MLEndHWII_sample_800/S55_hum_4_Necessities.wav,Necessities,S55,train
S55_hum_4_NewYork.wav,data/MLEndHWII_sample_800/S55_hum_4_NewYork.wav,NewYork,S55,test
S56_hum_1_Feeling.wav,data/MLEndHWII_sample_800/S56_hum_1_Feeling.wav,Feeling,S56,test
S56_hum_2_RememberMe.wav,data/MLEndHWII_sample_800/S56_hum_2_RememberMe.wav,RememberMe,S56,val
S56_hum_2_TryEverything.wav,data/MLEndHWII_sample_800/S56_hum_2_TryEverything.wav,TryEverything,S56,test
S56_whistle_1_Married.wav,data/MLEndHWII_sample_800/S56_whistle_1_Married.wav,Married,S56,train
S56_whistle_2_NewYork.wav,data/MLEndHWII_sample_800/S56_whistle_2_NewYork.wav,NewYork,S56,train
S57_hum_1_Married.wav,data/MLEndHWII_sample_800/S57_hum_1_Married.wav,Married,S57,train
S57_hum_1_Necessities.wav,data/MLEndHWII_sample_800/S57_hum_1_Necessities.wav,Necessities,S57,val
S57_hum_3_NewYork.wav,data/MLEndHWII_sample_800/S57_hum_3_NewYork.wav,NewYork,S57,train
S57_hum_4_Friend.wav,data/MLEndHWII_sample_800/S57_hum_4_Friend.wav,Friend,S57,train
S58_whistle_1_Married.wav,data/MLEndHWII_sample_800/S58_whistle_1_Married.wav,Married,S58,train
S58_whistle_1_Necessities.wav,data/MLEndHWII_sample_800/S58_whistle_1_Necessities.wav,Necessities,S58,train
S58_whistle_1_RememberMe.wav,data/MLEndHWII_sample_800/S58_whistle_1_RememberMe.wav,RememberMe,S58,train
S58_whistle_2_Friend.wav,data/MLEndHWII_sample_800/S58_whistle_2_Friend.wav,Friend,S58,val
S59_hum_1_Married.wav,data/MLEndHWII_sample_800/S59_hum_1_Married.wav,Married,S59,train
S59_hum_2_TryEverything.wav,data/MLEndHWII_sample_800/S59_hum_2_TryEverything.wav,TryEverything,S59,train
S59_hum_3_Friend.wav,data/MLEndHWII_sample_800/S59_hum_3_Friend.wav,Friend,S59,train
S59_hum_4_NewYork.wav,data/MLEndHWII_sample_800/S59_hum_4_NewYork.wav,NewYork,S59,test
S59_hum_4_RememberMe.wav,data/MLEndHWII_sample_800/S59_hum_4_RememberMe.wav,RememberMe,S59,train
S5_hum_1_RememberMe.wav,data/MLEndHWII_sample_800/S5_hum_1_RememberMe.wav,RememberMe,S5,train
S5_hum_2_Feeling.wav,data/MLEndHWII_sample_800/S5_hum_2_Feeling.wav,Feeling,S5,train
S5_whistle_1_Happy.wav,data/MLEndHWII_sample_800/S5_whistle_1_Happy.wav,Happy,S5,test
S5_whistle_1_Married.wav,data/MLEndHWII_sample_800/S5_whistle_1_Married.wav,Married,S5,val
S60_whistle_1_Friend.wav,data/MLEndHWII_sample_800/S60_whistle_1_Friend.wav,Friend,S60,train
S60_whistle_1_Married.wav,data/MLEndHWII_sample_800/S60_whistle_1_Married.wav,Married,S60,train
S60_whistle_1_TryEverything.wav,data/MLEndHWII_sample_800/S60_whistle_1_TryEverything.wav,TryEverything,S60,train
S60_whistle_2_Necessities.wav,data/MLEndHWII_sample_800/S60_whistle_2_Necessities.wav,Necessities,S60,test
S60_whistle_2_RememberMe.wav,data/MLEndHWII_sample_800/S60_whistle_2_RememberMe.wav,RememberMe,S60,train
S61_hum_1_Feeling.wav,data/MLEndHWII_sample_800/S61_hum_1_Feeling.wav,Feeling,S61,train
S61_hum_1_Necessities.wav,data/MLEndHWII_sample_800/S61_hum_1_Necessities.wav,Necessities,S61,train
S61_hum_1_NewYork.wav,data/MLEndHWII_sample_800/S61_hum_1_NewYork.wav,NewYork,S61,train
S61_hum_2_Happy.wav,data/MLEndHWII_sample_800/S61_hum_2_Happy.wav,Happy,S61,train
S61_hum_2_TryEverything.wav,data/MLEndHWII_sample_800/S61_hum_2_TryEverything.wav,TryEverything,S61,train
S62_hum_1_Married.wav,data/MLEndHWII_sample_800/S62_hum_1_Married.wav,Married,S62,train
S62_hum_1_Necessities.wav,data/MLEndHWII_sample_800/S62_hum_1_Necessities.wav,Necessities,S62,train
S62_whistle_1_RememberMe.wav,data/MLEndHWII_sample_800/S62_whistle_1_RememberMe.wav,RememberMe,S62,train
S62_whistle_2_Feeling.wav,data/MLEndHWII_sample_800/S62_whistle_2_Feeling.wav,Feeling,S62,test
S63_hum_1_Necessities.wav,data/MLEndHWII_sample_800/S63_hum_1_Necessities.wav,Necessities,S63,train
S63_hum_2_Friend.wav,data/MLEndHWII_sample_800/S63_hum_2_Friend.wav,Friend,S63,train
S63_hum_2_TryEverything.wav,data/MLEndHWII_sample_800/S63_hum_2_TryEverything.wav,TryEverything,S63,train
S63_hum_3_Married.wav,data/MLEndHWII_sample_800/S63_hum_3_Married.wav,Married,S63,train
S63_hum_3_RememberMe.wav,data/MLEndHWII_sample_800/S63_hum_3_RememberMe.wav,RememberMe,S63,train
S64_whistle_1_Feeling.wav,data/MLEndHWII_sample_800/S64_whistle_1_Feeling.wav,Feeling,S64,test
S64_whistle_1_Happy.wav,data/MLEndHWII_sample_800/S64_whistle_1_Happy.wav,Happy,S64,val
S64_whistle_1_Necessities.wav,data/MLEndHWII_sample_800/S64_whistle_1_Necessities.wav,Necessities,S64,train
S64_whistle_2_NewYork.wav,data/MLEndHWII_sample_800/S64_whistle_2_NewYork.wav,NewYork,S64,train
S65_hum_2_Feeling.wav,data/MLEndHWII_sample_800/S65_hum_2_Feeling.wav,Feeling,S65,train
S65_hum_2_Friend.wav,data/MLEndHWII_sample_800/S65_hum_2_Friend.wav,Friend,S65,train
S65_whistle_1_RememberMe.wav,data/MLEndHWII_sample_800/S65_whistle_1_RememberMe.wav,RememberMe,S65,train
S65_whistle_2_NewYork.wav,data/MLEndHWII_sample_800/S65_whistle_2_NewYork.wav,NewYork,S65,val
S66_hum_2_Happy.wav,data/MLEndHWII_sample_800/S66_hum_2_Happy.wav,Happy,S66,train
S66_whistle_1_Friend.wav,data/MLEndHWII_sample_800/S66_whistle_1_Friend.wav,Friend,S66,train
S66_whistle_1_Necessities.wav,data/MLEndHWII_sample_800/S66_whistle_1_Necessities.wav,Necessities,S66,train
S66_whistle_1_RememberMe.wav,data/MLEndHWII_sample_800/S66_whistle_1_RememberMe.wav,RememberMe,S66,train
S67_whistle_1_Friend.wav,data/MLEndHWII_sample_800/S67_whistle_1_Friend.wav,Friend,S67,train
S67_whistle_1_TryEverything.wav,data/MLEndHWII_sample_800/S67_whistle_1_TryEverything.wav,TryEverything,S67,train
S67_whistle_2_Happy.wav,data/MLEndHWII_sample_800/S67_whistle_2_Happy.wav,Happy,S67,train
S67_whistle_2_Necessities.wav,data/MLEndHWII_sample_800/S67_whistle_2_Necessities.wav,Necessities,S67,val
S68_hum_1_Necessities.wav,data/MLEndHWII_sample_800/S68_hum_1_Necessities.wav,Necessities,S68,train
S68_hum_2_Married.wav,data/MLEndHWII_sample_800/S68_hum_2_Married.wav,Married,S68,train
S68_hum_4_Friend.wav,data/MLEndHWII_sample_800/S68_hum_4_Friend.wav,Friend,S68,train
S68_hum_4_RememberMe.wav,data/MLEndHWII_sample_800/S68_hum_4_RememberMe.wav,RememberMe,S68,train
S69_hum_2_Friend.wav,data/MLEndHWII_sample_800/S69_hum_2_Friend.wav,Friend,S69,train
S69_hum_2_NewYork.wav,data/MLEndHWII_sample_800/S69_hum_2_NewYork.wav,NewYork,S69,train
S69_whistle_1_Happy.wav,data/MLEndHWII_sample_800/S69_whistle_1_Happy.wav,Happy,S69,train
S69_whistle_1_TryEverything.wav,data/MLEndHWII_sample_800/S69_whistle_1_TryEverything.wav,TryEverything,S69,test
S69_whistle_2_Necessities.wav,data/MLEndHWII_sample_800/S69_whistle_2_Necessities.wav,Necessities,S69,train
S6_hum_1_Married.wav,data/MLEndHWII_sample_800/S6_hum_1_Married.wav,Married,S6,train
S6_hum_1_TryEverything.wav,data/MLEndHWII_sample_800/S6_hum_1_TryEverything.wav,TryEverything,S6,train
S6_whistle_1_Feeling.wav,data/MLEndHWII_sample_800/S6_whistle_1_Feeling.wav,Feeling,S6,train
S6_whistle_2_Happy.wav,data/MLEndHWII_sample_800/S6_whistle_2_Happy.wav,Happy,S6,test
S70_hum_3_Friend.wav,data/MLEndHWII_sample_800/S70_hum_3_Friend.wav,Friend,S70,train
S70_hum_3_Happy.wav,data/MLEndHWII_sample_800/S70_hum_3_Happy.wav,Happy,S70,train
S70_hum_3_Necessities.wav,data/MLEndHWII_sample_800/S70_hum_3_Necessities.wav,Necessities,S70,train
S70_hum_3_NewYork.wav,data/MLEndHWII_sample_800/S70_hum_3_NewYork.wav,NewYork,S70,test
S71_hum_2_Married.wav,data/MLEndHWII_sample_800/S71_hum_2_Married.wav,Married,S71,train
S71_hum_2_RememberMe.wav,data/MLEndHWII_sample_800/S71_hum_2_RememberMe.wav,RememberMe,S71,train
S71_whistle_1_Feeling.wav,data/MLEndHWII_sample_800/S71_whistle_1_Feeling.wav,Feeling,S71,train
S71_whistle_2_NewYork.wav,data/MLEndHWII_sample_800/S71_whistle_2_NewYork.wav,NewYork,S71,train
S72_hum_2_NewYork.wav,data/MLEndHWII_sample_800/S72_hum_2_NewYork.wav,NewYork,S72,train
S72_whistle_1_TryEverything.wav,data/MLEndHWII_sample_800/S72_whistle_1_TryEverything.wav,TryEverything,S72,val
S72_whistle_2_Feeling.wav,data/MLEndHWII_sample_800/S72_whistle_2_Feeling.wav,Feeling,S72,val
S72_whistle_2_Happy.wav,data/MLEndHWII_sample_800/S72_whistle_2_Happy.wav,Happy,S72,train
S73_hum_2_Necessities.wav,data/MLEndHWII_sample_800/S73_hum_2_Necessities.wav,Necessities,S73,val
S73_hum_2_TryEverything.wav,data/MLEndHWII_sample_800/S73_hum_2_TryEverything.wav,TryEverything,S73,val
S73_hum_4_Feeling.wav,data/MLEndHWII_sample_800/S73_hum_4_Feeling.wav,Feeling,S73,train
S73_hum_4_Happy.wav,data/MLEndHWII_sample_800/S73_hum_4_Happy.wav,Happy,S73,train
S74_hum_2_Necessities.wav,data/MLEndHWII_sample_800/S74_hum_2_Necessities.wav,Necessities,S74,train
S74_whistle_1_TryEverything.wav,data/MLEndHWII_sample_800/S74_whistle_1_TryEverything.wav,TryEverything,S74,train
S74_whistle_2_Friend.wav,data/MLEndHWII_sample_800/S74_whistle_2_Friend.wav,Friend,S74,train
S74_whistle_2_Married.wav,data/MLEndHWII_sample_800/S74_whistle_2_Married.wav,Married,S74,train
S74_whistle_2_NewYork.wav,data/MLEndHWII_sample_800/S74_whistle_2_NewYork.wav,NewYork,S74,train
S75_hum_1_Married.wav,data/MLEndHWII_sample_800/S75_hum_1_Married.wav,Married,S75,train
S75_hum_2_Happy.wav,data/MLEndHWII_sample_800/S75_hum_2_Happy.wav,Happy,S75,train
S75_hum_2_TryEverything.wav,data/MLEndHWII_sample_800/S75_hum_2_TryEverything.wav,TryEverything,S75,train
S75_whistle_1_Feeling.wav,data/MLEndHWII_sample_800/S75_whistle_1_Feeling.wav,Feeling,S75,train
S76_hum_2_Married.wav,data/MLEndHWII_sample_800/S76_hum_2_Married.wav,Married,S76,train
S76_whistle_1_Friend.wav,data/MLEndHWII_sample_800/S76_whistle_1_Friend.wav,Friend,S76,train
S76_whistle_1_NewYork.wav,data/MLEndHWII_sample_800/S76_whistle_1_NewYork.wav,NewYork,S76,val
S76_whistle_2_Necessities.wav,data/MLEndHWII_sample_800/S76_whistle_2_Necessities.wav,Necessities,S76,train
S77_hum_1_Friend.wav,data/MLEndHWII_sample_800/S77_hum_1_Friend.wav,Friend,S77,train
S77_whistle_1_Happy.wav,data/MLEndHWII_sample_800/S77_whistle_1_Happy.wav,Happy,S77,train
S77_whistle_2_Married.wav,data/MLEndHWII_sample_800/S77_whistle_2_Married.wav,Married,S77,val
S77_whistle_2_RememberMe.wav,data/MLEndHWII_sample_800/S77_whistle_2_RememberMe.wav,RememberMe,S77,val
S78_hum_2_RememberMe.wav,data/MLEndHWII_sample_800/S78_hum_2_RememberMe.wav,RememberMe,S78,test
S78_hum_3_Friend.wav,data/MLEndHWII_sample_800/S78_hum_3_Friend.wav,Friend,S78,train
S78_hum_4_Married.wav,data/MLEndHWII_sample_800/S78_hum_4_Married.wav,Married,S78,train
S78_hum_4_Necessities.wav,data/MLEndHWII_sample_800/S78_hum_4_Necessities.wav,Necessities,S78,train
S79_hum_1_RememberMe.wav,data/MLEndHWII_sample_800/S79_hum_1_RememberMe.wav,RememberMe,S79,train
S79_whistle_1_NewYork.wav,data/MLEndHWII_sample_800/S79_whistle_1_NewYork.wav,NewYork,S79,train
S79_whistle_2_Feeling.wav,data/MLEndHWII_sample_800/S79_whistle_2_Feeling.wav,Feeling,S79,val
S79_whistle_2_Happy.wav,data/MLEndHWII_sample_800/S79_whistle_2_Happy.wav,Happy,S79,train
S7_hum_1_Feeling.wav,data/MLEndHWII_sample_800/S7_hum_1_Feeling.wav,Feeling,S7,train
S7_whistle_1_Necessities.wav,data/MLEndHWII_sample_800/S7_whistle_1_Necessities.wav,Necessities,S7,train
S7_whistle_1_NewYork.wav,data/MLEndHWII_sample_800/S7_whistle_1_NewYork.wav,NewYork,S7,train
S7_whistle_2_Married.wav,data/MLEndHWII_sample_800/S7_whistle_2_Married.wav,Married,S7,test
S7_whistle_2_TryEverything.wav,data/MLEndHWII_sample_800/S7_whistle_2_TryEverything.wav,TryEverything,S7,val
S80_hum_2_Feeling.wav,data/MLEndHWII_sample_800/S80_hum_2_Feeling.wav,Feeling,S80,val
S80_hum_4_Happy.wav,data/MLEndHWII_sample_800/S80_hum_4_Happy.wav,Happy,S80,train
S80_hum_4_NewYork.wav,data/MLEndHWII_sample_800/S80_hum_4_NewYork.wav,NewYork,S80,val
S80_hum_4_TryEverything.wav,data/MLEndHWII_sample_800/S80_hum_4_TryEverything.wav,TryEverything,S80,train
S81_hum_1_Friend.wav,data/MLEndHWII_sample_800/S81_hum_1_Friend.wav,Friend,S81,test
S81_hum_1_Happy.wav,data/MLEndHWII_sample_800/S81_hum_1_Happy.wav,Happy,S81,train
S81_hum_1_RememberMe.wav,data/MLEndHWII_sample_800/S81_hum_1_RememberMe.wav,RememberMe,S81,val
S81_hum_2_NewYork.wav,data/MLEndHWII_sample_800/S81_hum_2_NewYork.wav,NewYork,S81,train
S82_hum_1_Feeling.wav,data/MLEndHWII_sample_800/S82_hum_1_Feeling.wav,Feeling,S82,train
S82_hum_1_Happy.wav,data/MLEndHWII_sample_800/S82_hum_1_Happy.wav,Happy,S82,val
S82_whistle_1_TryEverything.wav,data/MLEndHWII_sample_800/S82_whistle_1_TryEverything.wav,TryEverything,S82,train
S82_whistle_2_Necessities.wav,data/MLEndHWII_sample_800/S82_whistle_2_Necessities.wav,Necessities,S82,train
S82_whistle_2_NewYork.wav,data/MLEndHWII_sample_800/S82_whistle_2_NewYork.wav,NewYork,S82,train
S83_whistle_1_Married.wav,data/MLEndHWII_sample_800/S83_whistle_1_Married.wav,Married,S83,train
S83_whistle_1_RememberMe.wav,data/MLEndHWII_sample_800/S83_whistle_1_RememberMe.wav,RememberMe,S83,val
S83_whistle_2_Feeling.wav,data/MLEndHWII_sample_800/S83_whistle_2_Feeling.wav,Feeling,S83,test
S83_whistle_2_Happy.wav,data/MLEndHWII_sample_800/S83_whistle_2_Happy.wav,Happy,S83,val
S84_whistle_1_Feeling.wav,data/MLEndHWII_sample_800/S84_whistle_1_Feeling.wav,Feeling,S84,val
S84_whistle_1_Married.wav,data/MLEndHWII_sample_800/S84_whistle_1_Married.wav,Married,S84,train
S84_whistle_2_Friend.wav,data/MLEndHWII_sample_800/S84_whistle_2_Friend.wav,Friend,S84,val
S85_hum_2_Happy.wav,data/MLEndHWII_sample_800/S85_hum_2_Happy.wav,Happy,S85,val
S85_whistle_1_Feeling.wav,data/MLEndHWII_sample_800/S85_whistle_1_Feeling.wav,Feeling,S85,train
S85_whistle_1_RememberMe.wav,data/MLEndHWII_sample_800/S85_whistle_1_RememberMe.wav,RememberMe,S85,test
S85_whistle_2_Necessities.wav,data/MLEndHWII_sample_800/S85_whistle_2_Necessities.wav,Necessities,S85,test
S86_hum_2_NewYork.wav,data/MLEndHWII_sample_800/S86_hum_2_NewYork.wav,NewYork,S86,train
S86_hum_3_Feeling.wav,data/MLEndHWII_sample_800/S86_hum_3_Feeling.wav,Feeling,S86,train
S86_hum_3_Happy.wav,data/MLEndHWII_sample_800/S86_hum_3_Happy.wav,Happy,S86,train
S86_hum_3_TryEverything.wav,data/MLEndHWII_sample_800/S86_hum_3_TryEverything.wav,TryEverything,S86,train
S86_hum_4_RememberMe.wav,data/MLEndHWII_sample_800/S86_hum_4_RememberMe.wav,RememberMe,S86,val
S87_whistle_1_RememberMe.wav,data/MLEndHWII_sample_800/S87_whistle_1_RememberMe.wav,RememberMe,S87,train
S87_whistle_2_Friend.wav,data/MLEndHWII_sample_800/S87_whistle_2_Friend.wav,Friend,S87,test
S87_whistle_2_Married.wav,data/MLEndHWII_sample_800/S87_whistle_2_Married.wav,Married,S87,test
S87_whistle_2_NewYork.wav,data/MLEndHWII_sample_800/S87_whistle_2_NewYork.wav,NewYork,S87,val
S88_whistle_1_Married.wav,data/MLEndHWII_sample_800/S88_whistle_1_Married.wav,Married,S88,train
S88_whistle_1_NewYork.wav,data/MLEndHWII_sample_800/S88_whistle_1_NewYork.wav,NewYork,S88,test
S88_whistle_1_TryEverything.wav,data/MLEndHWII_sample_800/S88_whistle_1_TryEverything.wav,TryEverything,S88,train
S88_whistle_2_Feeling.wav,data/MLEndHWII_sample_800/S88_whistle_2_Feeling.wav,Feeling,S88,train
S89_hum_1_Feeling.wav,data/MLEndHWII_sample_800/S89_hum_1_Feeling.wav,Feeling,S89,val
S89_hum_2_RememberMe.wav,data/MLEndHWII_sample_800/S89_hum_2_RememberMe.wav,RememberMe,S89,train
S89_whistle_2_Married.wav,data/MLEndHWII_sample_800/S89_whistle_2_Married.wav,Married,S89,train
S89_whistle_2_Necessities.wav,data/MLEndHWII_sample_800/S89_whistle_2_Necessities.wav,Necessities,S89,train
S8_hum_1_Feeling.wav,data/MLEndHWII_sample_800/S8_hum_1_Feeling.wav,Feeling,S8,val
S8_whistle_1_Happy.wav,data/MLEndHWII_sample_800/S8_whistle_1_Happy.wav,Happy,S8,train
S8_whistle_1_NewYork.wav,data/MLEndHWII_sample_800/S8_whistle_1_NewYork.wav,NewYork,S8,train
S8_whistle_1_RememberMe.wav,data/MLEndHWII_sample_800/S8_whistle_1_RememberMe.wav,RememberMe,S8,train
S90_whistle_1_Feeling.wav,data/MLEndHWII_sample_800/S90_whistle_1_Feeling.wav,Feeling,S90,train
S90_whistle_1_Married.wav,data/MLEndHWII_sample_800/S90_whistle_1_Married.wav,Married,S90,train
S90_whistle_2_Necessities.wav,data/MLEndHWII_sample_800/S90_whistle_2_Necessities.wav,Necessities,S90,test
S90_whistle_2_TryEverything.wav,data/MLEndHWII_sample_800/S90_whistle_2_TryEverything.wav,TryEverything,S90,train
S91_hum_1_Married.wav,data/MLEndHWII_sample_800/S91_hum_1_Married.wav,Married,S91,train
S91_hum_1_RememberMe.wav,data/MLEndHWII_sample_800/S91_hum_1_RememberMe.wav,RememberMe,S91,train
S91_hum_2_Friend.wav,data/MLEndHWII_sample_800/S91_hum_2_Friend.wav,Friend,S91,val
S91_whistle_1_Necessities.wav,data/MLEndHWII_sample_800/S91_whistle_1_Necessities.wav,Necessities,S91,train
S91_whistle_1_TryEverything.wav,data/MLEndHWII_sample_800/S91_whistle_1_TryEverything.wav,TryEverything,S91,test
S92_hum_1_Happy.wav,data/MLEndHWII_sample_800/S92_hum_1_Happy.wav,Happy,S92,train
S92_hum_1_Necessities.wav,data/MLEndHWII_sample_800/S92_hum_1_Necessities.wav,Necessities,S92,train
S92_hum_3_Married.wav,data/MLEndHWII_sample_800/S92_hum_3_Married.wav,Married,S92,val
S92_hum_4_TryEverything.wav,data/MLEndHWII_sample_800/S92_hum_4_TryEverything.wav,TryEverything,S92,val
S93_hum_2_Married.wav,data/MLEndHWII_sample_800/S93_hum_2_Married.wav,Married,S93,train
S93_hum_2_Necessities.wav,data/MLEndHWII_sample_800/S93_hum_2_Necessities.wav,Necessities,S93,train
S93_hum_3_RememberMe.wav,data/MLEndHWII_sample_800/S93_hum_3_RememberMe.wav,RememberMe,S93,val
S93_hum_4_Friend.wav,data/MLEndHWII_sample_800/S93_hum_4_Friend.wav,Friend,S93,train
S94_hum_2_Friend.wav,data/MLEndHWII_sample_800/S94_hum_2_Friend.wav,Friend,S94,train
S94_whistle_1_Happy.wav,data/MLEndHWII_sample_800/S94_whistle_1_Happy.wav,Happy,S94,test
S94_whistle_1_RememberMe.wav,data/MLEndHWII_sample_800/S94_whistle_1_RememberMe.wav,RememberMe,S94,train
S94_whistle_1_TryEverything.wav,data/MLEndHWII_sample_800/S94_whistle_1_TryEverything.wav,TryEverything,S94,train
S94_whistle_2_Married.wav,data/MLEndHWII_sample_800/S94_whistle_2_Married.wav,Married,S94,test
S95_hum_1_Happy.wav,data/MLEndHWII_sample_800/S95_hum_1_Happy.wav,Happy,S95,val
S95_hum_1_Necessities.wav,data/MLEndHWII_sample_800/S95_hum_1_Necessities.wav,Necessities,S95,train
S95_hum_2_RememberMe.wav,data/MLEndHWII_sample_800/S95_hum_2_RememberMe.wav,RememberMe,S95,train
S95_hum_3_Feeling.wav,data/MLEndHWII_sample_800/S95_hum_3_Feeling.wav,Feeling,S95,val
S96_hum_1_Feeling.wav,data/MLEndHWII_sample_800/S96_hum_1_Feeling.wav,Feeling,S96,train
S96_hum_1_Married.wav,data/MLEndHWII_sample_800/S96_hum_1_Married.wav,Married,S96,train
S96_hum_1_NewYork.wav,data/MLEndHWII_sample_800/S96_hum_1_NewYork.wav,NewYork,S96,train
S96_hum_3_RememberMe.wav,data/MLEndHWII_sample_800/S96_hum_3_RememberMe.wav,RememberMe,S96,train
S97_hum_1_Feeling.wav,data/MLEndHWII_sample_800/S97_hum_1_Feeling.wav,Feeling,S97,train
S97_hum_1_RememberMe.wav,data/MLEndHWII_sample_800/S97_hum_1_RememberMe.wav,RememberMe,S97,train
S97_hum_1_TryEverything.wav,data/MLEndHWII_sample_800/S97_hum_1_TryEverything.wav,TryEverything,S97,train
S97_hum_3_Happy.wav,data/MLEndHWII_sample_800/S97_hum_3_Happy.wav,Happy,S97,train
S97_hum_3_NewYork.wav,data/MLEndHWII_sample_800/S97_hum_3_NewYork.wav,NewYork,S97,train
S98_whistle_1_Feeling.wav,data/MLEndHWII_sample_800/S98_whistle_1_Feeling.wav,Feeling,S98,train
S98_whistle_1_Happy.wav,data/MLEndHWII_sample_800/S98_whistle_1_Happy.wav,Happy,S98,val
S98_whistle_1_NewYork.wav,data/MLEndHWII_sample_800/S98_whistle_1_NewYork.wav,NewYork,S98,train
S98_whistle_2_Necessities.wav,data/MLEndHWII_sample_800/S98_whistle_2_Necessities.wav,Necessities,S98,train
S99_hum_2_Necessities.wav,data/MLEndHWII_sample_800/S99_hum_2_Necessities.wav,Necessities,S99,train
S99_whistle_1_TryEverything.wav,data/MLEndHWII_sample_800/S99_whistle_1_TryEverything.wav,TryEverything,S99,test
S99_whistle_2_Feeling.wav,data/MLEndHWII_sample_800/S99_whistle_2_Feeling.wav,Feeling,S99,test
S99_whistle_2_Happy.wav,data/MLEndHWII_sample_800/S99_whistle_2_Happy.wav,Happy,S99,train
S9_hum_1_NewYork.wav,data/MLEndHWII_sample_800/S9_hum_1_NewYork.wav,NewYork,S9,train
S9_hum_1_TryEverything.wav,data/MLEndHWII_sample_800/S9_hum_1_TryEverything.wav,TryEverything,S9,val
S9_hum_2_Feeling.wav,data/MLEndHWII_sample_800/S9_hum_2_Feeling.wav,Feeling,S9,train
S9_hum_2_Married.wav,data/MLEndHWII_sample_800/S9_hum_2_Married.wav,Married,S9,train
